,neighborhood,type of region,code,population (count),age 15-25 (%),age 25-45 (%),age 45-65 (%),age >65 (%),migrants (%),Western migrants (%),non-Western migrants (%),education low (%),education secondary (%),education high (%),property value (x1000 euro),income per inhabitant (x1000 euro),40% with lowest income (%),20% with highest income (%)
0,Amsterdam,Gemeente  ,GM0363    ,872757,12.45,36.4,24.1,12.71,55.57,19.5,36.07,,23.66,38.84,415.0,32.4,39.7,24.6
1,Burgwallen-Oude Zijde,Wijk      ,WK036300  ,4465,15.57,49.05,21.05,9.52,51.18,33.82,17.36,10.08,25.98,56.89,469.0,32.8,40.5,22.5
2,Kop Zeedijk,Buurt     ,BU03630000,1100,11.36,52.27,25.0,6.82,54.09,35.91,18.18,3.64,31.82,60.91,423.0,37.0,33.0,27.7
3,Oude Kerk e.o.,Buurt     ,BU03630001,730,17.81,50.68,17.81,9.59,51.37,34.25,17.12,27.4,20.55,39.73,431.0,31.5,43.3,19.2
4,Burgwallen Oost,Buurt     ,BU03630002,1615,15.79,48.3,19.2,10.84,53.25,33.44,19.81,9.91,27.24,55.11,462.0,29.2,43.7,18.3
5,Nes e.o.,Buurt     ,BU03630003,350,15.71,51.43,20.0,7.14,50.0,37.14,12.86,5.71,22.86,65.71,617.0,37.1,35.4,30.6
6,BG-terrein e.o.,Buurt     ,BU03630004,675,18.52,42.22,21.48,11.11,41.48,28.15,13.33,10.37,17.78,65.19,537.0,33.8,44.3,23.8
7,Burgwallen-Nieuwe Zijde,Wijk      ,WK036301  ,4130,14.89,53.63,18.89,7.99,55.93,38.14,17.8,7.51,26.88,56.66,480.0,38.0,33.7,27.9
8,Stationsplein e.o.,Buurt     ,BU03630100,0,,,,,,,,,,,,,,
9,Hemelrijk,Buurt     ,BU03630101,575,14.78,54.78,20.0,6.96,52.17,37.39,14.78,6.96,26.09,57.39,441.0,39.3,31.4,26.8
10,Nieuwendijk Noord,Buurt     ,BU03630102,460,17.39,55.43,20.65,4.35,64.13,42.39,21.74,15.22,26.09,50.0,475.0,35.8,35.2,26.7
11,Spuistraat Noord,Buurt     ,BU03630103,825,13.33,54.55,19.39,8.48,54.55,38.18,16.36,4.85,35.15,50.91,480.0,37.1,35.1,27.8
12,Nieuwe Kerk e.o.,Buurt     ,BU03630104,820,15.85,56.1,16.46,5.49,58.54,37.2,21.34,9.76,24.39,54.88,466.0,36.0,32.9,25.6
13,Spuistraat Zuid,Buurt     ,BU03630105,725,12.41,51.03,21.38,8.97,55.17,39.31,15.86,5.52,26.21,60.69,475.0,41.6,33.1,31.8
14,Begijnhofbuurt,Buurt     ,BU03630106,415,12.05,49.4,19.28,16.87,51.81,33.73,18.07,4.82,19.28,69.88,488.0,34.5,36.1,23.1
15,Kalverdriehoek,Buurt     ,BU03630107,310,22.58,53.23,14.52,6.45,58.06,40.32,17.74,6.45,35.48,51.61,,43.1,32.1,35.9
16,Grachtengordel-West,Wijk      ,WK036302  ,6435,13.52,35.2,27.12,17.09,46.0,34.81,11.19,22.53,13.21,50.35,818.0,62.6,30.7,40.5
17,Langestraat e.o.,Buurt     ,BU03630200,1870,10.43,31.82,27.27,20.86,41.71,32.89,8.82,12.3,16.04,55.61,814.0,53.6,31.5,39.9
18,Leliegracht e.o.,Buurt     ,BU03630201,1825,19.73,34.25,24.11,14.79,50.14,36.44,13.7,12.05,19.18,57.53,825.0,64.3,30.7,40.5
19,Felix Meritisbuurt,Buurt     ,BU03630202,2055,10.71,38.44,29.44,15.33,47.45,36.25,11.19,3.89,13.63,68.61,782.0,68.4,30.0,40.5
20,Leidsegracht Noord,Buurt     ,BU03630203,685,12.41,37.23,27.01,17.52,43.8,32.12,11.68,59.85,5.84,18.98,927.0,66.3,30.5,42.4
21,Grachtengordel-Zuid,Wijk      ,WK036303  ,5435,13.25,38.45,25.11,14.72,46.55,33.12,13.43,7.36,19.69,58.69,813.0,62.9,30.8,39.1
22,Spiegelbuurt,Buurt     ,BU03630300,820,9.76,43.29,23.78,12.8,54.27,37.2,17.07,10.98,17.07,57.32,829.0,55.5,25.9,43.3
23,Gouden Bocht,Buurt     ,BU03630301,145,17.24,34.48,24.14,17.24,44.83,37.93,6.9,34.48,13.79,34.48,993.0,66.8,25.4,43.0
24,Van Loonbuurt,Buurt     ,BU03630302,1415,13.43,32.51,27.56,18.02,38.87,28.98,9.89,7.07,19.08,58.66,925.0,56.8,32.2,38.8
25,Amstelveldbuurt,Buurt     ,BU03630303,1515,13.53,30.36,29.37,16.5,39.6,27.39,12.21,5.94,19.8,60.07,826.0,,31.2,40.4
26,Rembrandtpleinbuurt,Buurt     ,BU03630304,490,11.22,59.18,17.35,8.16,62.24,38.78,23.47,4.08,20.41,67.35,593.0,51.3,25.1,37.5
27,Reguliersbuurt,Buurt     ,BU03630305,390,23.08,57.69,12.82,2.56,67.95,46.15,21.79,,,,524.0,33.0,42.6,25.8
28,Leidsegracht Zuid,Buurt     ,BU03630306,660,11.36,37.12,26.52,17.42,46.21,37.88,8.33,4.55,18.18,60.61,827.0,51.7,31.0,40.9
29,Nieuwmarkt/Lastage,Wijk      ,WK036304  ,9710,11.28,34.14,28.37,18.33,43.87,28.17,15.71,8.55,22.66,54.07,494.0,38.8,36.5,29.3
30,Oosterdokseiland,Buurt     ,BU03630400,480,5.21,43.75,26.04,10.42,51.04,26.04,25.0,8.33,18.75,56.25,654.0,57.7,23.7,45.5
31,Scheepvaarthuisbuurt,Buurt     ,BU03630401,740,16.89,39.19,22.3,14.19,38.51,31.08,7.43,5.41,22.97,56.76,653.0,37.5,32.2,29.2
32,Rapenburg,Buurt     ,BU03630402,1005,20.9,36.82,23.88,8.96,51.74,33.33,18.41,8.96,24.88,52.74,,35.5,37.5,31.7
33,Lastage,Buurt     ,BU03630403,1090,11.01,38.07,28.44,15.14,38.99,27.06,11.93,2.75,19.27,65.14,479.0,40.2,35.0,32.4
34,Nieuwmarkt,Buurt     ,BU03630404,1605,8.41,25.55,32.4,26.17,38.94,24.3,14.64,12.46,26.79,42.99,435.0,30.1,44.1,20.7
35,Uilenburg,Buurt     ,BU03630405,1225,9.39,37.55,29.8,16.33,49.39,28.98,20.41,8.98,22.86,56.33,488.0,45.8,33.5,34.8
36,Valkenburg,Buurt     ,BU03630406,1200,9.58,31.67,27.5,22.5,45.83,30.0,15.83,5.83,17.5,55.83,471.0,39.8,35.7,31.5
37,Zuiderkerkbuurt,Buurt     ,BU03630407,1495,10.03,32.11,31.77,21.4,40.8,26.76,14.05,11.37,25.42,52.17,518.0,38.6,38.6,26.5
38,Waterloopleinbuurt,Buurt     ,BU03630408,865,11.56,33.53,27.75,19.08,45.66,28.32,17.34,10.4,23.12,53.18,466.0,36.6,35.1,24.3
39,Haarlemmerbuurt,Wijk      ,WK036305  ,9275,8.79,33.75,29.92,17.52,43.29,25.12,18.17,13.37,18.98,51.32,526.0,38.3,36.0,29.8
40,Westerdokseiland,Buurt     ,BU03630500,1880,7.18,29.26,30.05,19.95,46.54,21.54,25.0,14.89,14.89,48.4,690.0,45.6,31.6,41.1
41,Haarlemmerbuurt Oost,Buurt     ,BU03630501,1490,10.74,36.58,28.52,16.44,41.28,27.18,14.09,10.07,20.13,57.72,518.0,36.9,34.9,29.6
42,Haarlemmerbuurt West,Buurt     ,BU03630502,2465,9.74,34.89,29.41,17.04,44.83,26.57,18.26,17.85,23.94,41.78,484.0,36.7,38.0,27.5
43,Westelijke eilanden,Buurt     ,BU03630503,2930,8.53,31.74,31.4,17.92,40.27,24.74,15.53,10.58,16.72,56.31,517.0,36.3,37.1,26.7
44,Planciusbuurt Noord,Buurt     ,BU03630505,350,5.71,54.29,24.29,10.0,50.0,31.43,18.57,8.57,20.0,60.0,331.0,32.7,36.4,22.7
45,Planciusbuurt Zuid,Buurt     ,BU03630506,165,6.06,39.39,33.33,18.18,42.42,21.21,21.21,12.12,30.3,48.48,329.0,34.6,45.7,11.3
46,Jordaan,Wijk      ,WK036306  ,19400,9.74,37.81,27.81,16.86,42.78,28.12,14.66,8.81,20.26,56.91,466.0,38.7,37.6,27.3
47,Driehoekbuurt,Buurt     ,BU03630600,2735,8.78,41.86,26.69,15.17,41.32,28.15,13.16,8.41,16.45,62.16,427.0,39.0,38.1,28.2
48,Bloemgrachtbuurt,Buurt     ,BU03630602,2945,10.36,36.67,26.99,16.64,42.95,30.22,12.73,6.79,17.66,59.76,529.0,41.6,33.8,31.8
49,Marnixbuurt Noord,Buurt     ,BU03630603,1430,9.44,36.36,28.67,16.78,46.15,24.83,21.33,9.09,27.97,48.95,389.0,31.8,41.8,21.5
50,Zaagpoortbuurt,Buurt     ,BU03630604,965,12.95,53.37,21.24,7.77,54.92,30.57,24.35,12.44,27.98,51.81,302.0,30.7,41.5,18.4
51,Marnixbuurt Midden,Buurt     ,BU03630605,195,10.26,61.54,15.38,5.13,48.72,28.21,20.51,10.26,20.51,66.67,502.0,39.0,36.1,32.5
52,Elandsgrachtbuurt,Buurt     ,BU03630606,4325,9.71,37.69,27.75,17.11,44.39,29.83,14.57,7.17,21.04,57.57,477.0,39.8,37.8,28.1
53,Passeerdersgrachtbuurt,Buurt     ,BU03630607,860,9.3,36.63,27.91,19.77,41.86,28.49,13.37,8.14,13.95,67.44,579.0,45.6,36.8,31.6
54,Groenmarktkadebuurt,Buurt     ,BU03630608,245,18.37,59.18,12.24,6.12,53.06,34.69,18.37,8.16,36.73,53.06,453.0,43.9,27.4,34.4
55,Marnixbuurt Zuid,Buurt     ,BU03630609,675,4.44,42.96,20.0,28.89,44.44,28.15,16.3,4.44,10.37,56.3,423.0,41.5,30.7,28.9
56,Anjeliersbuurt Noord,Buurt     ,BU03630610,2085,11.27,30.94,31.18,17.75,36.45,25.18,11.27,12.95,23.02,49.88,514.0,40.5,39.0,26.1
57,Anjeliersbuurt Zuid,Buurt     ,BU03630611,2935,8.86,31.86,33.05,18.57,38.84,25.55,13.29,11.58,22.49,52.47,468.0,35.1,39.1,25.3
58,De Weteringschans,Wijk      ,WK036307  ,7295,11.93,41.54,23.99,13.09,45.44,32.35,13.09,5.89,20.42,60.18,609.0,51.1,30.3,37.7
59,Leidsebuurt Noordwest,Buurt     ,BU03630700,260,15.38,51.92,23.08,7.69,53.85,36.54,17.31,3.85,15.38,76.92,509.0,39.5,33.8,31.2
60,Leidsebuurt Zuidwest,Buurt     ,BU03630701,135,14.81,48.15,22.22,11.11,59.26,40.74,18.52,7.41,37.04,51.85,524.0,40.8,38.6,24.6
61,Leidsebuurt Noordoost,Buurt     ,BU03630702,1010,20.3,52.97,15.35,6.93,56.93,38.61,18.32,10.89,26.73,54.46,512.0,41.8,35.5,28.9
62,Leidsebuurt Zuidoost,Buurt     ,BU03630703,290,10.34,37.93,25.86,13.79,44.83,27.59,17.24,6.9,24.14,51.72,592.0,41.9,31.3,39.1
63,Weteringbuurt,Buurt     ,BU03630704,2425,10.31,44.12,22.47,11.55,44.33,32.37,11.96,4.12,14.43,65.15,560.0,58.5,29.3,39.3
64,Den Texbuurt,Buurt     ,BU03630705,1080,10.65,34.72,25.46,17.59,42.13,31.02,11.11,3.7,22.22,56.48,779.0,48.9,29.0,40.3
65,Utrechtsebuurt Zuid,Buurt     ,BU03630706,1170,10.68,35.04,29.06,17.52,39.32,28.63,10.68,8.55,29.91,51.28,635.0,48.3,29.7,38.1
66,Frederikspleinbuurt,Buurt     ,BU03630707,925,9.19,35.68,29.73,15.14,43.24,30.81,12.43,6.49,15.14,61.62,725.0,55.2,26.5,43.8
67,Weesperbuurt/Plantage,Wijk      ,WK036308  ,7480,13.24,36.7,25.94,15.64,43.92,27.54,16.38,10.56,20.99,56.42,541.0,45.1,33.8,34.4
68,Weesperbuurt,Buurt     ,BU03630800,3105,15.46,36.07,23.19,18.84,44.12,28.66,15.46,7.09,24.48,55.72,528.0,46.0,36.5,31.9
69,Sarphatistrook,Buurt     ,BU03630801,2170,11.75,41.24,28.8,9.91,48.85,26.73,22.12,15.67,19.82,55.76,513.0,43.8,33.7,33.1
70,de Plantage,Buurt     ,BU03630803,1805,12.47,30.47,28.25,18.56,39.06,26.59,12.47,9.42,18.28,58.73,597.0,45.8,30.3,39.3
71,Alexanderplein e.o.,Buurt     ,BU03630804,395,8.86,45.57,21.52,8.86,37.97,26.58,11.39,10.13,17.72,58.23,523.0,41.5,28.1,37.9
72,Oostelijke Eilanden/Kadijken,Wijk      ,WK036309  ,13690,11.94,33.16,28.82,15.45,47.04,21.0,26.04,13.95,22.13,48.65,436.0,33.2,39.3,25.8
73,Marine-Etablissement,Buurt     ,BU03630900,75,0.0,40.0,40.0,13.33,33.33,13.33,20.0,0.0,13.33,80.0,,,,
74,Kattenburg,Buurt     ,BU03630901,1725,20.58,27.54,21.45,20.87,42.32,18.84,23.48,15.65,27.25,37.1,408.0,24.9,51.1,15.9
75,Wittenburg,Buurt     ,BU03630902,2560,8.4,34.96,33.59,14.45,54.1,18.75,35.35,22.66,25.78,40.23,404.0,30.9,37.6,22.4
76,Oostenburg,Buurt     ,BU03630903,1730,10.12,35.84,29.77,13.29,53.47,19.94,33.53,13.29,18.5,53.76,423.0,32.9,40.0,25.1
77,Czaar Peterbuurt,Buurt     ,BU03630904,2395,11.06,46.56,21.71,10.23,52.61,22.76,29.85,12.11,22.13,50.1,349.0,32.0,38.9,26.0
78,Het Funen,Buurt     ,BU03630905,1340,14.18,25.0,30.97,9.7,46.64,25.0,21.64,8.96,17.16,48.51,602.0,41.4,30.5,42.3
79,Kazernebuurt,Buurt     ,BU03630907,955,13.61,30.37,29.32,20.94,40.84,19.9,20.94,12.57,15.71,59.69,461.0,34.6,39.0,24.1
80,Kadijken,Buurt     ,BU03630908,2905,10.67,27.19,33.22,20.14,38.38,22.72,15.66,9.64,23.75,54.73,492.0,36.8,37.4,28.8
81,Westelijk Havengebied,Wijk      ,WK036310  ,105,14.29,38.1,23.81,14.29,47.62,23.81,23.81,,,,,25.6,,
82,Coenhaven/Mercuriushaven,Buurt     ,BU03631000,25,20.0,40.0,20.0,0.0,40.0,40.0,0.0,,,,,,,
83,Alfa-driehoek,Buurt     ,BU03631001,0,,,inf,,inf,,inf,,,,,,,
84,Petroleumhaven,Buurt     ,BU03631002,0,,,,,,,,,,,,,,
85,Westhaven Noord,Buurt     ,BU03631003,40,12.5,37.5,12.5,25.0,25.0,0.0,25.0,,,,,,,
86,Vervoerscentrum,Buurt     ,BU03631004,5,0.0,0.0,0.0,0.0,0.0,0.0,0.0,,,,,,,
87,Amerikahaven,Buurt     ,BU03631005,15,0.0,0.0,66.67,33.33,33.33,33.33,0.0,,,,,,,
88,Afrikahaven,Buurt     ,BU03631006,10,50.0,0.0,50.0,50.0,0.0,0.0,0.0,,,,,,,
89,Westhaven Zuid,Buurt     ,BU03631007,15,0.0,66.67,0.0,0.0,66.67,33.33,33.33,,,,,,,
90,Bedrijventerrein Sloterdijk,Wijk      ,WK036311  ,835,43.11,49.1,5.39,0.6,75.45,41.92,33.53,17.96,49.1,31.14,143.0,23.4,52.3,9.3
91,Sloterdijk II,Buurt     ,BU03631100,15,33.33,0.0,66.67,0.0,66.67,33.33,33.33,,,,,,,
92,Sloterdijk III Oost,Buurt     ,BU03631102,0,,,,,,,,,,,,,,
93,Sloterdijk III West,Buurt     ,BU03631103,95,42.11,31.58,15.79,0.0,73.68,26.32,47.37,,,,,,,
94,De Heining,Buurt     ,BU03631104,30,0.0,16.67,33.33,16.67,16.67,16.67,0.0,,,,,,,
95,Teleport,Buurt     ,BU03631105,695,46.04,53.24,1.44,0.0,79.86,46.04,33.81,10.07,53.24,33.09,133.0,24.7,48.8,9.3
96,Bretten Oost,Buurt     ,BU03631107,0,,,,,,,,,,,,,,
97,Bretten West,Buurt     ,BU03631109,0,,,,,,,,,,,,,,
98,Houthavens,Wijk      ,WK036312  ,2950,5.59,40.17,27.29,8.31,35.76,22.71,13.05,6.1,15.59,69.49,,53.6,20.3,52.4
99,Houthavens West,Buurt     ,BU03631200,2280,5.26,44.3,23.46,5.26,35.31,21.93,13.38,5.26,14.91,73.25,,57.4,16.9,57.8
100,Houthavens Oost,Buurt     ,BU03631201,670,5.97,25.37,39.55,19.4,36.57,25.37,11.19,8.96,19.4,55.22,636.0,40.9,30.5,36.3
101,Spaarndammer- en Zeeheldenbuurt,Wijk      ,WK036313  ,10780,8.12,39.52,26.76,12.8,51.39,19.11,32.28,20.69,22.91,38.4,389.0,29.5,40.7,21.4
102,Zeeheldenbuurt,Buurt     ,BU03631300,2055,9.0,39.17,25.3,11.19,54.99,20.19,34.79,16.06,19.95,44.28,413.0,31.5,37.5,23.2
103,Spaarndammerbuurt Noordoost,Buurt     ,BU03631301,2730,8.61,35.16,31.87,12.64,53.66,17.03,36.63,20.15,28.21,35.16,387.0,26.8,45.6,18.2
104,Spaarndammerbuurt Zuidoost,Buurt     ,BU03631302,1025,7.32,39.02,28.29,13.66,46.83,20.49,26.34,,,,368.0,30.5,39.8,23.4
105,Spaarndammerbuurt Zuidwest,Buurt     ,BU03631303,1685,6.23,38.87,21.36,21.66,46.59,22.26,24.33,17.21,14.24,48.07,360.0,31.7,38.1,24.8
106,Spaarndammerbuurt Midden,Buurt     ,BU03631304,1300,8.46,44.23,25.38,8.85,48.85,18.85,30.0,17.69,36.15,28.46,375.0,29.5,40.1,21.2
107,Spaarndammerbuurt Noordwest,Buurt     ,BU03631305,1980,7.58,43.94,26.26,9.6,52.78,17.42,35.35,31.31,16.16,35.86,415.0,28.9,39.5,20.4
108,Westergasfabriek,Buurt     ,BU03631306,0,,,,,,,,,,,,,,
109,Overbraker Binnenpolder,Buurt     ,BU03631307,10,50.0,0.0,50.0,0.0,50.0,50.0,0.0,,,,,,,
110,Staatsliedenbuurt,Wijk      ,WK036314  ,13105,8.89,42.85,27.13,10.0,50.17,24.34,25.83,13.89,20.68,50.52,389.0,33.4,37.2,27.2
111,De Wittenbuurt Noord,Buurt     ,BU03631400,1365,8.79,40.29,26.74,11.72,49.08,23.44,25.64,8.79,27.84,47.62,416.0,34.7,37.6,28.5
112,De Wittenbuurt Zuid,Buurt     ,BU03631401,885,9.04,27.68,34.46,18.08,49.15,20.9,28.25,24.86,27.12,31.64,403.0,26.9,47.2,16.0
113,Staatsliedenbuurt Noordoost,Buurt     ,BU03631402,1215,7.41,30.45,28.4,24.69,53.5,18.93,34.57,23.05,20.58,37.86,353.0,27.3,45.0,17.1
114,Fannius Scholtenbuurt,Buurt     ,BU03631403,3690,8.67,46.07,26.83,7.32,52.71,26.15,26.56,13.01,20.6,53.12,352.0,32.9,37.7,26.0
115,Westerstaatsman,Buurt     ,BU03631404,2875,9.39,52.17,23.65,4.35,51.48,27.83,23.65,11.48,18.43,56.35,358.0,34.2,34.3,28.8
116,Buyskade e.o.,Buurt     ,BU03631405,3080,9.42,40.42,28.25,9.58,45.13,22.56,22.56,13.96,16.56,53.25,478.0,36.9,33.1,33.8
117,Centrale Markt,Wijk      ,WK036315  ,2465,12.78,30.63,33.06,11.36,46.04,20.28,25.76,21.1,19.07,42.6,448.0,32.1,37.3,28.3
118,Ecowijk,Buurt     ,BU03631500,1315,15.21,22.05,39.16,9.13,42.59,19.39,23.19,10.65,24.33,47.15,507.0,31.8,37.4,29.7
119,Markthallen,Buurt     ,BU03631501,15,0.0,33.33,0.0,33.33,33.33,33.33,0.0,,,,,,,
120,Bedrijvencentrum Westerkwartier,Buurt     ,BU03631502,70,7.14,21.43,50.0,0.0,21.43,14.29,7.14,,,,,,,
121,Marcanti,Buurt     ,BU03631503,1070,10.28,41.12,25.23,14.02,52.8,21.96,30.84,20.56,15.89,47.66,390.0,32.8,36.8,26.7
122,Frederik Hendrikbuurt,Wijk      ,WK036316  ,8280,7.91,46.07,24.52,11.96,47.28,25.18,22.1,16.06,18.72,52.05,401.0,36.6,34.7,29.5
123,Frederik Hendrikbuurt Noord,Buurt     ,BU03631600,3855,8.82,46.69,22.96,11.41,46.56,26.85,19.71,12.97,17.9,55.51,402.0,34.9,35.6,28.2
124,Frederik Hendrikbuurt Zuidoost,Buurt     ,BU03631601,3290,6.84,51.22,23.25,10.03,49.39,24.62,24.77,21.28,17.63,49.24,374.0,37.8,33.6,30.8
125,Frederik Hendrikbuurt Zuidwest,Buurt     ,BU03631602,1135,7.93,29.52,33.92,18.94,43.17,20.7,22.47,10.57,23.79,50.22,475.0,39.6,34.7,30.8
126,Da Costabuurt,Wijk      ,WK036317  ,4660,8.69,45.06,23.61,12.77,43.99,28.11,15.88,6.22,21.89,58.58,473.0,40.1,31.4,33.2
127,Da Costabuurt Noord,Buurt     ,BU03631700,4660,8.58,45.06,23.61,12.77,43.99,28.11,15.88,6.22,21.89,58.58,473.0,40.1,31.4,33.2
128,Kinkerbuurt,Wijk      ,WK036318  ,6670,9.52,48.8,22.49,8.4,48.35,23.76,24.59,16.64,24.14,46.18,416.0,37.3,33.8,30.4
129,Bellamybuurt Noord,Buurt     ,BU03631800,2710,9.04,45.2,25.65,9.23,47.79,20.48,27.31,20.3,26.2,38.75,450.0,34.2,36.7,28.1
130,Bellamybuurt Zuid,Buurt     ,BU03631801,3955,9.86,51.33,20.35,7.84,48.8,25.92,22.88,13.91,22.5,51.58,397.0,39.3,32.1,31.8
131,Van Lennepbuurt,Wijk      ,WK036319  ,7085,9.53,41.99,25.05,14.18,54.9,23.36,31.55,17.36,18.91,48.84,378.0,31.8,41.8,23.3
132,Da Costabuurt Zuid,Buurt     ,BU03631900,2275,10.99,52.75,20.0,7.47,49.23,30.55,18.68,9.23,22.86,56.7,409.0,37.8,33.8,30.6
133,Borgerbuurt,Buurt     ,BU03631901,2900,9.48,30.52,28.1,22.24,60.34,17.41,42.93,23.45,16.9,40.0,360.0,25.8,50.3,15.8
134,Lootsbuurt,Buurt     ,BU03631902,1910,8.12,46.6,25.92,9.95,53.14,23.56,29.58,14.14,17.8,55.5,368.0,33.8,38.3,26.2
135,Helmersbuurt,Wijk      ,WK036320  ,7360,10.39,41.71,25.27,11.48,41.37,27.58,13.79,9.51,18.34,58.15,540.0,44.3,31.6,35.5
136,Helmersbuurt Oost,Buurt     ,BU03632000,2595,11.95,44.51,21.77,9.83,41.23,29.87,11.37,5.78,17.73,60.12,625.0,46.9,29.0,38.4
137,WG-terrein,Buurt     ,BU03632001,2470,9.31,33.0,30.16,17.61,41.9,24.49,17.41,12.96,19.43,55.87,521.0,38.9,36.8,30.3
138,Cremerbuurt Oost,Buurt     ,BU03632002,2290,10.04,48.03,23.8,6.77,41.27,28.38,12.88,9.17,17.47,59.83,475.0,47.1,28.8,38.0
139,Overtoomse Sluis,Wijk      ,WK036321  ,8010,9.05,49.44,21.79,8.99,43.63,29.28,14.36,7.37,17.6,61.42,476.0,43.7,29.6,36.9
140,Cremerbuurt West,Buurt     ,BU03632100,5755,8.51,52.13,21.46,7.56,44.74,30.06,14.68,7.99,17.38,62.03,446.0,42.1,29.2,36.5
141,Vondelparkbuurt West,Buurt     ,BU03632101,2250,10.44,42.89,22.67,12.44,40.89,27.33,13.56,5.78,17.78,60.0,564.0,47.7,30.6,38.1
142,Vondelbuurt,Wijk      ,WK036322  ,1770,11.3,29.38,26.84,19.49,45.76,29.66,16.1,7.34,14.69,55.93,969.0,59.2,33.2,37.8
143,Vondelparkbuurt Oost,Buurt     ,BU03632200,850,11.18,34.71,26.47,15.88,48.82,33.53,15.29,5.88,14.12,61.18,1081.0,67.0,31.1,42.0
144,Vondelparkbuurt Midden,Buurt     ,BU03632201,920,11.41,25.0,27.72,22.28,42.93,26.09,16.85,8.7,16.3,50.0,843.0,51.6,35.3,33.5
145,Zuidas,Wijk      ,WK036323  ,3950,15.19,58.61,12.53,3.29,65.57,30.25,35.32,6.33,21.52,60.0,501.0,61.7,26.0,45.5
146,Zuidas Noord,Buurt     ,BU03632300,475,5.26,66.32,12.63,3.16,58.95,23.16,35.79,0.0,12.63,61.05,682.0,58.5,11.7,56.0
147,RAI,Buurt     ,BU03632301,0,,,,,,,,,,,,,,
148,VU-kwartier,Buurt     ,BU03632302,115,13.04,47.83,13.04,4.35,69.57,21.74,47.83,8.7,26.09,60.87,603.0,,,
149,Zuidas Zuid,Buurt     ,BU03632303,2375,5.47,62.53,15.79,4.42,67.79,31.16,36.63,10.11,13.89,64.0,701.0,76.0,15.2,55.9
150,Vivaldi,Buurt     ,BU03632304,985,43.65,46.19,4.57,0.51,62.94,31.98,30.96,1.02,42.64,50.76,178.0,26.8,60.7,14.8
151,Oude Pijp,Wijk      ,WK036324  ,14820,11.77,48.72,21.73,9.18,48.35,28.68,19.67,16.33,19.43,52.36,459.0,39.3,33.9,30.7
152,Hemonybuurt,Buurt     ,BU03632400,2600,12.5,44.42,23.27,8.08,44.04,28.65,15.38,6.92,19.62,60.0,536.0,41.9,31.4,36.0
153,Gerard Doubuurt,Buurt     ,BU03632401,1920,10.68,45.83,23.7,11.2,51.82,28.91,22.92,17.19,23.44,46.88,464.0,36.8,37.6,28.7
154,Frans Halsbuurt,Buurt     ,BU03632402,2645,10.4,50.28,21.93,8.51,50.28,32.33,17.96,17.77,19.66,50.66,479.0,43.7,31.0,34.5
155,Hercules Seghersbuurt,Buurt     ,BU03632403,2645,11.91,51.61,20.04,9.07,50.85,26.09,24.76,19.66,20.79,46.88,406.0,35.3,36.0,26.0
156,Sarphatiparkbuurt,Buurt     ,BU03632404,5005,12.49,49.75,21.08,9.19,47.05,27.97,19.08,18.18,17.18,54.15,438.0,38.7,34.1,29.4
157,Nieuwe Pijp,Wijk      ,WK036325  ,12435,9.93,47.04,21.95,11.66,48.13,26.3,21.83,11.42,17.69,56.37,433.0,37.8,35.5,30.7
158,Willibrordusbuurt,Buurt     ,BU03632500,2660,10.9,44.55,21.24,15.79,46.8,24.44,22.37,12.03,22.18,48.5,406.0,34.5,41.0,24.5
159,Van der Helstpleinbuurt,Buurt     ,BU03632501,3915,9.32,50.32,21.46,9.07,48.53,28.48,20.05,11.24,15.58,59.77,448.0,40.8,31.9,34.9
160,Lizzy Ansinghbuurt,Buurt     ,BU03632502,2370,10.76,42.83,24.68,11.18,51.69,25.53,26.16,13.92,18.57,53.59,431.0,35.4,37.9,27.9
161,Cornelis Troostbuurt,Buurt     ,BU03632503,3500,9.43,48.29,21.0,11.71,46.14,25.86,20.29,9.71,17.71,58.57,441.0,38.5,33.5,32.8
162,Zuid Pijp,Wijk      ,WK036326  ,8195,10.37,34.59,26.85,16.53,54.36,19.04,35.33,18.55,23.55,39.41,409.0,27.0,46.9,18.5
163,Diamantbuurt,Buurt     ,BU03632600,3095,11.47,33.6,26.82,15.83,55.74,18.09,37.64,22.62,26.17,32.31,398.0,26.5,48.1,18.3
164,Burgemeester Tellegenbuurt Oost,Buurt     ,BU03632601,2830,10.95,35.51,26.68,16.25,53.89,19.79,34.1,15.55,19.08,48.06,411.0,27.9,44.7,20.1
165,Burgemeester Tellegenbuurt West,Buurt     ,BU03632602,2265,8.17,34.88,27.15,17.88,53.2,19.21,34.0,16.78,26.05,37.97,420.0,26.6,48.0,17.1
166,Weesperzijde,Wijk      ,WK036327  ,5895,13.49,45.97,20.44,9.16,46.06,26.29,19.76,11.87,18.49,56.32,507.0,41.8,30.3,38.0
167,Swammerdambuurt,Buurt     ,BU03632700,2000,9.75,49.5,21.75,8.25,40.75,27.0,13.75,15.5,13.0,57.0,521.0,46.2,27.4,41.0
168,Weesperzijde Midden/Zuid,Buurt     ,BU03632701,3315,7.54,47.66,21.72,11.16,41.93,22.78,19.16,9.05,15.99,58.52,506.0,41.1,29.8,38.8
169,Parooldriehoek,Buurt     ,BU03632702,575,60.0,25.22,8.7,0.87,87.83,43.48,44.35,13.91,66.09,31.3,397.0,18.4,57.7,7.3
170,Oosterparkbuurt,Wijk      ,WK036328  ,10880,9.65,42.37,24.22,11.95,54.73,19.81,34.93,15.99,21.51,45.77,417.0,32.0,40.3,25.7
171,Oosterparkbuurt Noordwest,Buurt     ,BU03632800,3760,9.57,46.68,22.61,12.23,52.79,20.61,32.18,13.3,20.74,52.66,392.0,32.5,38.9,25.2
172,Oosterpark,Buurt     ,BU03632801,120,4.17,54.17,29.17,8.33,37.5,20.83,16.67,8.33,33.33,50.0,272.0,26.6,49.5,10.8
173,Oosterparkbuurt Zuidoost,Buurt     ,BU03632802,3815,9.96,39.58,24.9,11.93,49.8,21.89,27.92,10.22,21.23,49.8,465.0,34.3,37.5,29.8
174,Oosterparkbuurt Zuidwest,Buurt     ,BU03632803,3185,9.58,40.35,24.96,11.62,63.42,16.33,47.1,25.12,22.29,34.22,404.0,28.8,44.8,22.0
175,Dapperbuurt,Wijk      ,WK036329  ,10225,11.69,38.68,24.01,13.69,54.96,17.65,37.31,19.27,20.24,42.44,419.0,30.7,42.3,23.8
176,Dapperbuurt Noord,Buurt     ,BU03632900,4295,10.94,39.93,23.28,15.13,57.16,17.58,39.58,19.09,23.05,40.51,399.0,29.0,44.0,21.5
177,Dapperbuurt Zuid,Buurt     ,BU03632901,3810,12.47,40.03,25.46,11.42,56.43,17.85,38.58,19.42,19.42,45.93,400.0,28.9,44.6,20.5
178,Oostpoort,Buurt     ,BU03632902,2120,11.79,33.73,22.88,14.62,47.64,17.45,30.19,19.34,16.51,40.09,507.0,38.1,33.4,36.3
179,Transvaalbuurt,Wijk      ,WK036330  ,9230,11.92,39.98,23.73,11.11,59.26,15.55,43.72,21.78,24.59,36.29,399.0,27.5,44.8,20.3
180,Transvaalbuurt West,Buurt     ,BU03633000,4145,12.06,38.84,24.85,12.3,59.59,14.96,44.63,26.06,21.71,34.74,373.0,27.1,45.6,19.6
181,Transvaalbuurt Oost,Buurt     ,BU03633001,5090,11.79,40.96,22.69,10.12,58.94,16.01,42.93,18.07,26.92,37.33,423.0,27.8,44.2,20.8
182,Indische Buurt West,Wijk      ,WK036331  ,12530,12.09,44.21,21.35,9.78,62.29,18.0,44.29,22.59,21.63,40.14,371.0,28.1,43.1,21.7
183,Noordwestkwadrant Indische buurt Noord,Buurt     ,BU03633100,3805,10.25,50.72,20.11,6.83,53.88,22.73,31.14,20.5,22.86,43.63,383.0,32.2,35.1,27.5
184,Noordwestkwadrant Indische buurt Zuid,Buurt     ,BU03633101,4640,12.93,47.09,20.04,8.51,58.08,18.53,39.55,18.1,19.4,47.84,377.0,29.8,41.4,24.0
185,Zuidwestkwadrant Indische buurt,Buurt     ,BU03633102,4085,12.85,34.88,23.87,13.95,74.66,12.85,61.81,30.11,23.01,27.42,351.0,22.2,52.8,13.4
186,Indische Buurt Oost,Wijk      ,WK036332  ,9920,11.39,35.99,25.2,13.51,66.33,14.11,52.22,22.38,22.38,35.58,378.0,25.1,48.5,17.4
187,Noordoostkwadrant Indische buurt,Buurt     ,BU03633200,5845,10.78,36.44,24.29,15.23,65.7,13.86,51.84,22.93,24.98,31.82,364.0,24.5,49.4,16.3
188,Zuidoostkwadrant Indische buurt,Buurt     ,BU03633201,3610,12.47,36.29,25.35,10.94,70.5,13.99,56.51,24.38,19.94,36.57,383.0,24.0,49.1,16.6
189,Zeeburgerdijk Oost,Buurt     ,BU03633202,440,11.36,27.27,35.23,13.64,44.32,19.32,25.0,,,,538.0,42.0,31.3,37.6
190,Flevopark,Buurt     ,BU03633203,15,33.33,66.67,33.33,0.0,33.33,33.33,0.0,,,,,,,
191,Oostelijk Havengebied,Wijk      ,WK036333  ,18925,10.54,30.78,34.35,10.22,41.9,19.79,22.11,11.25,19.82,51.99,524.0,39.9,30.2,38.0
192,Oostelijke Handelskade,Buurt     ,BU03633300,1455,6.53,46.39,26.12,6.53,57.39,26.12,31.27,11.0,14.43,57.73,572.0,51.3,23.1,48.8
193,Rietlanden,Buurt     ,BU03633301,2520,10.32,36.11,29.76,10.32,47.82,19.44,28.37,13.89,20.24,46.83,508.0,40.6,30.1,38.9
194,Java-eiland,Buurt     ,BU03633302,3075,9.43,27.48,35.93,14.15,34.63,19.51,15.12,6.5,19.51,57.56,579.0,42.7,25.6,41.9
195,KNSM-eiland,Buurt     ,BU03633303,2390,8.58,25.94,39.75,16.53,38.91,20.5,18.41,9.62,23.01,53.14,469.0,41.0,30.0,35.0
196,Sporenburg,Buurt     ,BU03633304,2815,14.39,24.33,39.25,4.62,33.39,19.18,14.21,8.53,17.76,55.77,583.0,40.3,29.6,42.8
197,Borneo,Buurt     ,BU03633305,2835,13.05,26.81,34.04,5.64,35.8,17.81,17.99,9.17,17.99,51.5,628.0,36.0,33.9,37.3
198,Entrepot-Noordwest,Buurt     ,BU03633306,1420,10.92,32.04,33.8,11.97,56.34,19.37,36.97,16.2,35.21,34.51,417.0,31.5,39.4,24.3
199,Architectenbuurt,Buurt     ,BU03633307,1715,8.75,30.03,37.03,14.58,50.15,18.95,31.2,13.99,19.83,53.06,397.0,34.8,34.5,29.4
200,Bedrijvengebied Veelaan,Buurt     ,BU03633308,40,0.0,12.5,50.0,25.0,12.5,12.5,0.0,,,,,,,
201,Bedrijvengebied Cruquiusweg,Buurt     ,BU03633309,500,13.0,60.0,13.0,1.0,45.0,19.0,26.0,6.0,12.0,70.0,,45.0,22.7,44.9
202,Bedrijvengebied Zeeburgerkade,Buurt     ,BU03633310,155,6.45,32.26,22.58,16.13,29.03,22.58,6.45,,,,,30.8,32.5,25.6
203,Zeeburgereiland/Nieuwe Diep,Wijk      ,WK036334  ,4705,24.34,44.95,13.28,4.14,51.86,22.85,29.01,10.41,32.31,46.33,316.0,30.9,38.8,28.8
204,Zeeburgereiland Noordwest,Buurt     ,BU03633400,20,0.0,50.0,25.0,25.0,0.0,0.0,0.0,,,,,,,
205,Zeeburgereiland Zuidoost,Buurt     ,BU03633402,480,76.04,20.83,1.04,1.04,56.25,30.21,26.04,,,,171.0,11.0,84.7,2.0
206,Zeeburgereiland Zuidwest,Buurt     ,BU03633403,300,50.0,31.67,11.67,3.33,31.67,26.67,5.0,6.67,36.67,36.67,,15.7,74.7,7.5
207,Nieuwe Diep/Diemerpark,Buurt     ,BU03633404,65,23.08,15.38,38.46,15.38,15.38,15.38,0.0,15.38,76.92,15.38,,,,
208,RI Oost terrein,Buurt     ,BU03633405,3840,16.28,49.74,14.32,4.43,53.78,21.74,32.03,11.72,26.82,48.18,346.0,33.9,31.1,33.2
209,Zeeburgereiland Noordoost,Buurt     ,BU03633406,0,,,,,,,,,,,,,,
210,IJburg West,Wijk      ,WK036335  ,15730,13.76,30.1,27.88,5.05,53.05,17.42,35.63,15.51,20.6,39.86,506.0,35.1,34.6,36.4
211,Steigereiland Noord,Buurt     ,BU03633500,1570,13.06,35.67,25.16,4.14,56.05,19.75,36.31,15.29,19.11,43.95,432.0,34.9,33.1,36.4
212,Steigereiland Zuid,Buurt     ,BU03633501,2680,15.3,22.76,31.72,3.54,45.15,13.25,31.9,19.4,19.03,36.19,553.0,33.1,38.1,35.4
213,Haveneiland Zuidwest/Rieteiland West,Buurt     ,BU03633502,2790,15.59,19.18,36.02,5.02,39.43,17.2,22.22,12.54,18.64,44.8,774.0,46.0,31.2,45.5
214,Haveneiland Noordwest,Buurt     ,BU03633504,2845,12.3,38.14,23.73,7.73,59.05,19.86,39.19,15.82,22.85,40.07,395.0,33.1,35.1,32.2
215,Haveneiland Noordoost,Buurt     ,BU03633505,5840,13.18,33.39,24.83,4.54,59.5,17.64,41.87,15.07,21.23,38.36,464.0,31.8,34.9,34.6
216,Sloterdijk,Wijk      ,WK036336  ,540,5.56,63.89,15.74,4.63,35.19,21.3,13.89,7.41,18.52,59.26,476.0,44.5,23.9,44.9
217,Woon- en Groengebied Sloterdijk,Buurt     ,BU03633600,450,4.44,68.89,11.11,5.56,32.22,22.22,10.0,4.44,17.78,64.44,466.0,48.7,15.8,51.2
218,Bedrijventerrein Sloterdijk I,Buurt     ,BU03633601,90,11.11,38.89,38.89,5.56,61.11,22.22,38.89,,,,,,,
219,Landlust,Wijk      ,WK036337  ,19055,12.02,44.53,20.81,8.24,60.82,18.05,42.77,20.73,23.04,39.2,350.0,27.8,41.0,21.6
220,Bedrijventerrein Landlust,Buurt     ,BU03633700,580,8.62,71.55,7.76,6.03,55.17,31.9,23.28,8.62,17.24,62.07,,42.1,24.5,35.8
221,Bosleeuw,Buurt     ,BU03633702,5755,16.07,38.84,21.72,8.34,69.42,16.94,52.48,26.41,21.72,33.54,329.0,24.0,46.7,16.9
222,Landlust Zuid,Buurt     ,BU03633703,4115,8.75,48.72,19.93,8.75,52.49,19.32,33.17,13.61,24.79,45.69,376.0,31.7,36.8,27.2
223,Erasmusparkbuurt Oost,Buurt     ,BU03633704,1925,11.95,39.22,23.38,8.05,54.03,21.04,32.99,21.3,20.78,37.4,448.0,31.9,34.8,29.0
224,Gibraltarbuurt,Buurt     ,BU03633705,4285,10.04,46.56,21.59,8.4,60.21,17.04,43.17,21.94,24.04,38.97,326.0,26.4,42.4,18.4
225,Landlust Noord,Buurt     ,BU03633706,2400,12.5,45.0,19.79,7.92,62.92,14.79,48.12,22.08,23.33,37.08,337.0,25.8,42.1,19.0
226,Erasmuspark,Wijk      ,WK036338  ,5870,11.16,50.77,18.48,8.09,51.87,22.15,29.73,15.67,18.4,51.96,354.0,32.7,31.9,28.4
227,Erasmusparkbuurt West,Buurt     ,BU03633802,4080,10.78,51.47,18.26,8.09,50.61,22.92,27.7,11.27,19.61,55.88,348.0,33.5,29.8,29.4
228,Robert Scottbuurt Oost,Buurt     ,BU03633803,1790,12.01,49.16,19.27,7.82,54.75,20.39,34.36,25.7,16.2,43.02,367.0,30.7,36.6,26.0
229,De Kolenkit,Wijk      ,WK036339  ,10725,15.38,42.33,17.34,8.11,73.1,13.85,59.25,24.06,21.35,36.46,309.0,23.2,47.1,17.2
230,Robert Scottbuurt West,Buurt     ,BU03633900,2075,14.94,47.71,16.14,12.29,60.48,16.87,43.61,23.61,24.58,33.73,255.0,25.2,45.5,14.5
231,Laan van Spartaan,Buurt     ,BU03633901,2260,20.13,43.81,11.5,6.64,64.82,18.58,46.24,12.39,18.58,46.02,332.0,26.1,41.7,24.5
232,Kolenkitbuurt Zuid,Buurt     ,BU03633902,2235,14.09,43.4,18.57,9.17,71.36,13.42,57.94,29.98,21.48,31.32,372.0,25.4,42.8,21.0
233,Kolenkitbuurt Noord,Buurt     ,BU03633903,4155,13.96,38.39,20.46,6.26,84.72,9.87,74.85,28.88,21.66,33.21,301.0,19.6,53.0,12.9
234,Geuzenbuurt,Wijk      ,WK036340  ,6845,11.1,49.82,18.7,8.4,44.34,23.96,20.38,10.66,20.6,52.74,406.0,34.7,33.7,29.6
235,Geuzenhofbuurt,Buurt     ,BU03634000,1715,10.79,58.6,15.16,7.87,41.4,28.86,12.54,5.25,16.91,65.89,364.0,38.8,27.9,36.2
236,Trompbuurt,Buurt     ,BU03634001,3225,11.63,48.22,17.83,8.68,41.55,23.1,18.45,9.61,21.09,51.47,441.0,34.3,33.2,29.1
237,Pieter van der Doesbuurt,Buurt     ,BU03634002,1900,10.26,44.74,23.42,8.68,52.11,21.05,31.05,17.37,22.11,43.68,397.0,31.5,40.2,24.1
238,Van Galenbuurt,Wijk      ,WK036341  ,7685,10.74,44.63,24.53,7.16,64.41,15.74,48.67,34.22,25.24,30.32,349.0,27.7,42.7,19.0
239,John Franklinbuurt,Buurt     ,BU03634100,1945,9.51,47.04,22.37,9.25,54.76,21.34,33.42,23.65,24.16,39.59,359.0,27.8,41.6,18.4
240,Jan Maijenbuurt,Buurt     ,BU03634101,2300,11.3,44.13,24.35,8.48,61.09,15.87,45.22,26.52,21.3,36.96,343.0,26.4,45.6,17.5
241,Orteliusbuurt Noord,Buurt     ,BU03634102,1375,9.09,46.18,20.73,12.0,54.55,16.73,37.82,22.55,19.64,40.73,346.0,29.9,39.4,22.1
242,Mercatorpark,Buurt     ,BU03634103,2055,12.17,41.61,29.2,0.49,84.18,9.73,74.45,62.29,35.04,5.35,,,,
243,Hoofdweg e.o.,Wijk      ,WK036342  ,10435,9.97,46.43,21.99,9.44,55.29,19.17,36.13,20.99,24.05,38.91,355.0,29.7,38.4,22.1
244,Balboaplein e.o.,Buurt     ,BU03634200,3075,11.38,47.48,21.14,7.32,58.37,18.37,40.0,18.54,28.29,37.72,351.0,29.3,38.9,20.6
245,Columbusplein e.o.,Buurt     ,BU03634201,3525,10.35,42.98,23.83,9.5,58.44,16.03,42.41,24.96,24.4,34.04,355.0,27.0,42.1,18.2
246,Orteliusbuurt Midden,Buurt     ,BU03634202,1935,8.01,49.35,22.48,8.53,50.39,22.48,27.91,26.36,18.09,40.31,362.0,32.6,33.8,27.5
247,Orteliusbuurt Zuid,Buurt     ,BU03634203,1895,9.23,48.02,19.53,13.46,49.34,22.96,26.39,11.61,22.16,49.6,355.0,32.6,35.5,26.5
248,Westindische Buurt,Wijk      ,WK036343  ,6960,10.06,48.78,19.25,8.69,43.39,23.35,20.04,10.06,16.67,55.89,429.0,36.6,31.0,32.2
249,Paramariboplein e.o.,Buurt     ,BU03634300,3925,9.81,50.32,18.47,7.39,46.24,25.22,21.02,10.7,15.54,55.29,445.0,36.6,30.6,33.6
250,Postjeskade e.o.,Buurt     ,BU03634301,3030,10.4,47.03,20.3,10.4,39.77,20.96,18.81,8.91,18.48,56.77,411.0,36.5,31.5,30.6
251,Hoofddorppleinbuurt,Wijk      ,WK036344  ,11865,9.86,46.57,21.87,9.78,38.77,24.19,14.58,8.51,19.3,56.22,440.0,41.3,27.8,37.4
252,Surinamepleinbuurt,Buurt     ,BU03634400,1550,10.65,43.55,20.0,12.9,32.9,21.94,10.97,9.03,16.77,56.13,480.0,40.7,31.1,35.2
253,Westlandgrachtbuurt,Buurt     ,BU03634401,3610,8.45,46.81,22.16,9.97,38.23,22.85,15.37,9.42,21.33,52.35,429.0,40.9,27.5,38.0
254,Aalsmeerwegbuurt West,Buurt     ,BU03634402,2535,8.09,54.04,19.72,7.1,41.62,25.44,16.17,6.71,16.17,63.91,402.0,43.4,25.6,39.2
255,Aalsmeerwegbuurt Oost,Buurt     ,BU03634403,2210,9.28,46.38,23.76,9.73,39.14,23.98,15.16,8.6,19.46,57.01,444.0,40.6,28.1,36.9
256,Legmeerpleinbuurt,Buurt     ,BU03634404,1695,9.73,41.89,23.89,10.91,36.87,24.78,12.09,8.85,20.65,52.51,477.0,40.6,27.6,36.6
257,Bedrijventerrein Schinkel,Buurt     ,BU03634405,260,48.08,19.23,21.15,7.69,59.62,42.31,17.31,11.54,34.62,50.0,,40.9,40.1,29.2
258,Schinkelbuurt,Wijk      ,WK036345  ,3960,9.85,47.1,22.73,10.48,45.83,26.26,19.57,10.86,22.73,55.05,434.0,38.6,31.5,31.3
259,Schinkelbuurt Noord,Buurt     ,BU03634500,2430,10.08,50.21,22.22,7.82,43.83,27.98,15.84,8.23,22.22,59.26,444.0,42.6,27.8,35.7
260,Schinkelbuurt Zuid,Buurt     ,BU03634501,1535,9.12,42.02,23.45,14.66,48.53,23.13,25.41,16.94,23.45,45.6,420.0,32.3,37.2,24.4
261,Willemspark,Wijk      ,WK036346  ,5515,11.33,29.01,27.74,13.78,44.61,32.0,12.6,7.98,16.68,53.49,1045.0,72.6,28.4,46.3
262,Valeriusbuurt Oost,Buurt     ,BU03634600,1405,11.39,23.49,31.67,12.81,47.33,37.37,9.96,9.25,14.23,52.67,1189.0,85.1,27.0,51.5
263,Valeriusbuurt West,Buurt     ,BU03634601,2585,10.44,31.91,24.76,13.73,45.84,30.75,15.09,8.12,15.09,53.38,843.0,58.9,28.2,44.3
264,Willemsparkbuurt Noord,Buurt     ,BU03634602,1520,12.5,29.28,29.28,14.47,40.13,29.28,10.86,7.24,20.39,55.26,1264.0,84.5,30.0,45.5
265,Vondelpark West,Buurt     ,BU03634603,0,,,,,,,,,,,,,,
266,Museumkwartier,Wijk      ,WK036347  ,12625,10.02,29.98,26.1,19.68,41.86,31.09,10.77,12.2,14.1,51.09,990.0,70.1,26.8,43.8
267,Johannnes Vermeerbuurt,Buurt     ,BU03634700,1490,9.4,30.87,26.51,17.79,46.31,33.56,12.75,6.71,16.11,55.7,1061.0,66.5,27.9,46.7
268,P.C. Hooftbuurt,Buurt     ,BU03634701,795,10.06,32.08,28.93,16.98,52.2,38.36,13.84,6.29,22.64,52.83,1080.0,74.4,28.0,45.8
269,Concertgebouwbuurt,Buurt     ,BU03634702,1845,10.57,28.18,27.37,17.34,42.55,31.98,10.57,5.96,13.01,57.99,1184.0,69.5,27.7,47.3
270,Cornelis Schuytbuurt,Buurt     ,BU03634703,2875,11.83,26.43,28.87,15.65,44.17,34.26,9.91,6.61,16.35,53.91,1271.0,76.6,28.1,48.8
271,Banpleinbuurt,Buurt     ,BU03634704,785,14.01,15.92,30.57,24.84,33.76,26.75,7.01,,,,1583.0,134.4,24.8,45.7
272,Hondecoeterbuurt,Buurt     ,BU03634705,2050,9.51,33.9,23.9,17.8,42.44,31.22,11.22,28.78,8.29,39.02,893.0,74.4,24.6,43.7
273,Harmoniehofbuurt,Buurt     ,BU03634706,1385,5.78,19.13,20.94,45.85,27.08,19.13,7.94,5.05,15.16,49.1,563.0,37.4,27.0,29.3
274,Museumplein,Buurt     ,BU03634707,5,0.0,0.0,100.0,100.0,100.0,100.0,0.0,,,,,,,
275,Vondelpark Oost,Buurt     ,BU03634708,0,inf,,inf,inf,,,,,,,,,,
276,Duivelseiland,Buurt     ,BU03634709,1385,8.66,50.18,22.38,7.94,44.77,31.05,13.72,7.94,15.16,63.54,530.0,50.5,25.8,42.3
277,Stadionbuurt,Wijk      ,WK036348  ,11925,8.93,38.49,24.49,14.97,45.83,22.35,23.48,13.84,21.13,45.62,479.0,37.4,36.0,31.0
278,Bertelmanpleinbuurt,Buurt     ,BU03634800,1075,9.77,34.42,26.98,20.47,49.3,15.81,33.49,16.74,22.33,47.44,411.0,27.7,45.2,17.2
279,Marathonbuurt Oost,Buurt     ,BU03634801,1460,10.62,31.16,29.45,18.49,43.49,18.15,25.34,19.18,25.34,39.04,447.0,31.3,42.1,23.4
280,Marathonbuurt West,Buurt     ,BU03634802,2425,8.87,36.08,28.45,16.49,52.99,18.35,34.64,21.03,27.63,35.05,374.0,27.3,47.1,18.6
281,Olympisch Stadion e.o.,Buurt     ,BU03634803,2345,6.82,37.53,21.75,15.14,51.81,28.57,23.24,9.81,20.47,41.36,642.0,48.2,28.6,44.7
282,IJsbaanpad e.o.,Buurt     ,BU03634804,380,13.16,17.11,36.84,13.16,18.42,15.79,2.63,7.89,15.79,47.37,,36.9,32.3,36.8
283,Van Tuyllbuurt,Buurt     ,BU03634805,4230,8.98,46.1,20.21,11.82,40.78,24.82,15.96,9.46,16.55,55.79,495.0,42.0,28.5,37.8
284,Apollobuurt,Wijk      ,WK036349  ,8535,10.08,25.31,26.95,17.98,42.88,32.1,10.78,11.36,17.57,43.0,1166.0,66.2,26.0,50.1
285,Diepenbrockbuurt,Buurt     ,BU03634900,790,12.66,21.52,29.11,16.46,32.91,22.78,10.13,39.24,6.33,27.85,2065.0,81.5,25.0,51.8
286,Beethovenbuurt,Buurt     ,BU03634901,1260,11.51,22.62,26.59,19.05,42.86,32.54,10.32,7.14,14.29,47.62,1386.0,68.0,28.4,48.0
287,Hiltonbuurt,Buurt     ,BU03634902,80,18.75,6.25,37.5,12.5,18.75,12.5,6.25,12.5,12.5,50.0,,,,
288,Minervabuurt Noord,Buurt     ,BU03634903,1330,9.4,21.8,30.08,18.05,44.74,33.08,11.65,6.02,18.05,48.12,1227.0,65.1,26.0,51.5
289,Minervabuurt Midden,Buurt     ,BU03634904,2415,11.8,24.43,26.71,17.6,46.17,34.99,11.18,4.97,26.92,40.99,1064.0,67.1,27.3,50.4
290,Minervabuurt Zuid,Buurt     ,BU03634905,2655,7.34,30.89,24.67,18.27,43.13,32.39,10.73,5.65,16.2,50.09,881.0,60.4,24.1,49.5
291,IJburg Oost,Wijk      ,WK036350  ,0,,,,,,,,,,,,,,
292,Strandeiland,Buurt     ,BU03635000,0,,,,,,,,,,,,,,
293,Middeneiland Zuidoost,Buurt     ,BU03635001,0,,,,,,,,,,,,,,
294,Middeneiland Zuidwest,Buurt     ,BU03635003,0,,,,,,,,,,,,,,
295,Buiteneiland,Buurt     ,BU03635005,0,,,,,,,,,,,,,,
296,Centrumeiland,Buurt     ,BU03635006,0,,,,,,,,,,,,,,
297,IJburg Zuid,Wijk      ,WK036351  ,8265,10.89,32.0,23.77,4.05,55.05,16.52,38.54,14.28,22.02,32.79,520.0,32.0,34.7,36.6
298,Rieteiland Oost,Buurt     ,BU03635100,345,8.7,15.94,34.78,1.45,27.54,15.94,11.59,11.59,8.7,43.48,1470.0,54.5,22.7,61.6
299,Haveneiland Oost,Buurt     ,BU03635101,6100,10.57,30.74,24.18,3.11,52.21,16.8,35.41,13.28,20.82,33.77,536.0,32.6,33.1,40.1
300,Haveneiland Noord,Buurt     ,BU03635102,1830,12.02,39.34,20.22,7.38,69.67,15.57,54.1,18.58,29.51,26.23,393.0,25.6,41.2,22.6
301,Scheldebuurt,Wijk      ,WK036352  ,14995,9.6,41.28,20.41,14.7,36.21,23.04,13.17,6.74,15.07,56.95,552.0,42.7,27.8,38.0
302,Wielingenbuurt,Buurt     ,BU03635200,2995,9.85,40.07,21.87,14.02,36.23,25.21,11.02,6.68,12.02,60.43,628.0,47.7,25.5,40.9
303,Scheldebuurt West,Buurt     ,BU03635201,4365,10.54,39.52,21.31,14.43,36.31,22.68,13.63,7.33,19.7,51.32,551.0,40.2,29.7,35.2
304,Scheldebuurt Midden,Buurt     ,BU03635202,3135,9.73,41.79,18.82,14.35,34.13,23.13,11.0,4.78,11.48,61.88,585.0,42.4,27.2,39.2
305,Scheldebuurt Oost,Buurt     ,BU03635203,2355,11.89,42.68,19.96,11.89,36.52,23.14,13.38,6.79,17.83,58.17,514.0,41.2,28.0,37.4
306,Veluwebuurt,Buurt     ,BU03635206,1525,4.92,35.41,22.3,25.9,36.39,17.7,18.69,12.46,16.39,41.31,413.0,35.3,33.9,29.5
307,Kop Zuidas,Buurt     ,BU03635207,615,3.25,65.85,11.38,4.07,43.9,28.46,15.45,1.63,9.76,79.67,572.0,61.4,12.0,61.7
308,IJselbuurt,Wijk      ,WK036353  ,5290,10.11,43.76,22.12,13.52,42.06,20.7,21.36,13.04,21.17,49.72,421.0,34.5,36.4,26.7
309,IJselbuurt West,Buurt     ,BU03635300,2390,8.58,43.31,23.43,14.85,40.17,19.87,20.29,14.23,20.08,49.79,408.0,35.4,38.7,26.6
310,IJselbuurt Oost,Buurt     ,BU03635301,2905,11.53,44.06,21.17,12.39,43.37,21.34,22.03,12.05,22.03,49.57,434.0,33.8,34.3,26.9
311,Rijnbuurt,Wijk      ,WK036354  ,9160,10.37,41.87,22.87,14.47,39.63,19.38,20.25,12.55,21.72,48.91,418.0,36.7,36.3,28.0
312,Kromme Mijdrechtbuurt,Buurt     ,BU03635400,2485,10.06,42.05,23.54,14.08,41.85,19.92,21.93,12.88,21.33,49.5,408.0,35.2,35.9,26.9
313,Rijnbuurt Oost,Buurt     ,BU03635401,2700,11.48,44.81,20.93,12.41,34.44,19.63,14.81,7.78,22.96,53.33,420.0,39.6,31.3,33.3
314,Rijnbuurt Midden,Buurt     ,BU03635402,2205,10.66,47.39,19.73,12.47,34.24,20.41,13.83,9.07,17.23,58.5,439.0,41.4,31.7,32.3
315,Rijnbuurt West,Buurt     ,BU03635403,1725,8.41,30.43,28.7,20.58,52.17,16.81,35.36,24.35,24.93,29.57,387.0,27.1,50.9,15.4
316,Zorgvlied,Buurt     ,BU03635404,45,0.0,33.33,33.33,22.22,11.11,11.11,0.0,0.0,22.22,44.44,,,,
317,Frankendael,Wijk      ,WK036355  ,11640,12.89,37.63,21.78,14.82,46.91,18.17,28.74,13.23,22.94,46.05,373.0,32.6,38.2,26.0
318,De Eenhoorn,Buurt     ,BU03635501,2645,27.22,51.98,9.26,2.46,58.79,23.06,35.73,8.32,29.87,53.69,270.0,30.8,44.8,24.8
319,Julianapark,Buurt     ,BU03635502,1085,4.61,56.22,17.05,12.44,44.7,25.35,19.35,2.76,8.29,72.81,431.0,46.0,17.5,48.3
320,Don Bosco,Buurt     ,BU03635503,2110,10.66,35.55,24.41,12.8,36.73,18.48,18.25,11.37,18.48,50.24,505.0,37.5,30.4,34.8
321,Frankendael,Buurt     ,BU03635504,10,0.0,0.0,50.0,0.0,0.0,0.0,0.0,,,,,,,
322,Tuindorp Amstelstation,Buurt     ,BU03635505,840,9.52,23.81,29.76,23.81,55.36,11.9,43.45,25.0,20.24,30.95,285.0,19.8,55.9,6.2
323,De Wetbuurt,Buurt     ,BU03635506,1835,9.54,22.34,29.43,22.62,33.24,13.62,19.62,15.8,23.43,33.79,420.0,31.2,37.5,25.8
324,Tuindorp Frankendael,Buurt     ,BU03635507,2520,6.75,32.34,26.39,22.62,44.84,15.87,28.97,16.67,22.62,42.86,364.0,30.9,39.8,19.5
325,Van der Kunbuurt,Buurt     ,BU03635508,595,14.29,36.97,22.69,12.61,74.79,15.97,58.82,,,,341.0,24.6,51.9,12.6
326,Middenmeer,Wijk      ,WK036356  ,15790,19.47,30.56,23.18,11.4,37.49,21.66,15.83,7.98,22.61,48.51,467.0,38.2,34.5,33.8
327,Linnaeusparkbuurt,Buurt     ,BU03635600,2700,11.11,32.41,25.56,13.33,30.74,20.93,9.81,6.3,18.15,51.48,622.0,44.4,29.1,40.9
328,Middenmeer Noord,Buurt     ,BU03635601,2880,13.02,26.91,27.95,13.37,28.99,17.71,11.28,9.72,15.97,51.39,631.0,47.4,32.7,35.1
329,Middenmeer Zuid,Buurt     ,BU03635602,5065,11.85,32.28,23.99,11.85,30.5,19.35,11.15,9.08,18.95,46.59,499.0,35.4,29.1,36.1
330,Sportpark Middenmeer Zuid,Buurt     ,BU03635603,300,3.33,16.67,23.33,48.33,20.0,16.67,3.33,3.33,16.67,40.0,498.0,37.3,28.1,28.8
331,Sportpark Middenmeer Noord,Buurt     ,BU03635604,250,66.0,34.0,0.0,0.0,74.0,8.0,66.0,,,,71.0,18.0,76.5,1.2
332,Park de Meer,Buurt     ,BU03635605,1610,13.35,20.19,38.2,15.22,41.3,15.84,25.47,13.66,26.09,40.37,562.0,38.4,33.3,34.5
333,Sportpark Voorland,Buurt     ,BU03635606,0,,,,,,,,,,,,,,
334,Science Park Noord,Buurt     ,BU03635607,2705,46.58,35.86,9.43,2.4,59.89,37.71,22.18,1.85,35.86,52.5,277.0,29.7,44.5,28.0
335,Science Park Zuid,Buurt     ,BU03635608,280,57.14,35.71,3.57,3.57,67.86,12.5,55.36,,,,118.0,17.3,78.9,1.9
336,Betondorp,Wijk      ,WK036357  ,3230,8.82,26.93,27.71,24.15,38.85,13.0,25.85,24.77,22.29,27.55,345.0,24.0,48.6,13.6
337,Betondorp,Buurt     ,BU03635700,3225,8.68,26.98,27.6,24.03,38.91,13.02,25.89,,,,345.0,24.0,48.6,13.6
338,Nieuwe Oosterbegraafplaats,Buurt     ,BU03635701,5,100.0,0.0,100.0,0.0,0.0,0.0,0.0,,,,,,,
339,Drieburg,Buurt     ,BU03635702,0,,,,,,,,,,,,,,
340,Omval/Overamstel,Wijk      ,WK036358  ,5080,17.91,58.56,11.81,4.72,44.49,25.1,19.39,4.72,21.65,66.54,311.0,45.0,27.3,38.4
341,Weespertrekvaart,Buurt     ,BU03635801,890,16.29,65.17,11.8,2.25,48.88,23.6,25.28,8.99,19.1,59.55,218.0,48.5,24.3,45.1
342,Amstelglorie,Buurt     ,BU03635804,70,7.14,21.43,35.71,21.43,28.57,21.43,7.14,0.0,42.86,57.14,,,,
343,Overamstel,Buurt     ,BU03635805,50,10.0,40.0,30.0,0.0,10.0,10.0,0.0,,,,,,,
344,Amstelkwartier Noord,Buurt     ,BU03635806,2435,17.45,61.19,10.27,2.05,39.22,21.56,17.66,4.11,21.77,71.05,351.0,44.8,24.9,37.7
345,De Omval,Buurt     ,BU03635807,725,5.52,44.14,24.14,18.62,54.48,35.86,18.62,4.14,8.28,71.72,571.0,60.7,18.1,55.8
346,Amstelkwartier Zuid,Buurt     ,BU03635808,30,16.67,16.67,16.67,33.33,33.33,33.33,0.0,,,,,,,
347,Amstelkwartier West,Buurt     ,BU03635809,875,32.57,62.86,2.86,1.71,50.29,29.14,21.14,3.43,26.29,67.43,208.0,30.4,43.5,22.1
348,Prinses Irenebuurt e.o.,Wijk      ,WK036359  ,1345,10.04,23.42,24.16,23.42,44.61,30.11,14.5,5.95,10.41,53.53,923.0,60.0,25.7,50.1
349,Prinses Irenebuurt,Buurt     ,BU03635900,1345,10.04,23.42,24.16,23.05,44.98,30.48,14.5,5.95,10.41,53.53,923.0,60.0,25.7,50.1
350,Beatrixpark,Buurt     ,BU03635901,0,,,,,,,,,,,,,,
351,Volewijck,Wijk      ,WK036360  ,9565,10.35,32.51,27.76,12.81,53.01,12.7,40.3,26.87,26.66,23.52,288.0,21.2,52.7,10.5
352,Van der Pekbuurt,Buurt     ,BU03636000,4730,12.26,35.2,27.06,9.09,61.21,13.0,48.2,28.33,24.95,24.74,265.0,20.5,54.6,8.9
353,Bloemenbuurt Zuid,Buurt     ,BU03636001,2425,9.48,28.87,27.63,15.67,51.55,11.34,40.21,26.39,27.22,20.21,322.0,20.1,55.2,10.0
354,Bloemenbuurt Noord,Buurt     ,BU03636002,2405,7.69,30.77,29.52,17.26,39.09,13.93,25.16,24.53,29.52,24.12,299.0,23.5,46.8,14.0
355,IJplein/Vogelbuurt,Wijk      ,WK036361  ,8255,11.14,34.4,26.95,12.36,58.93,14.72,44.22,24.83,24.95,29.8,330.0,22.2,50.7,12.4
356,IJplein e.o.,Buurt     ,BU03636100,2480,9.68,31.45,31.05,15.52,58.87,14.31,44.56,23.79,29.03,28.23,317.0,23.2,49.4,12.0
357,Vogelbuurt Zuid,Buurt     ,BU03636101,4295,12.46,35.04,24.91,11.18,62.86,14.78,48.08,28.17,23.05,27.94,334.0,21.1,52.6,11.5
358,Vogelbuurt Noord,Buurt     ,BU03636102,1305,8.81,39.85,24.14,10.73,50.19,14.18,36.02,15.33,25.29,37.55,339.0,22.5,49.1,12.7
359,Vliegenbos,Buurt     ,BU03636103,180,13.89,19.44,36.11,8.33,25.0,16.67,8.33,33.33,22.22,27.78,,34.8,36.8,35.3
360,Tuindorp Nieuwendam,Wijk      ,WK036362  ,3540,9.04,22.6,29.52,23.16,26.27,11.3,14.97,23.73,19.49,30.23,316.0,23.5,46.1,12.8
361,Tuindorp Nieuwendam West,Buurt     ,BU03636200,1055,9.0,21.8,28.44,28.91,30.33,12.8,17.54,36.02,20.85,17.06,301.0,24.0,46.2,13.6
362,Tuindorp Nieuwendam Oost,Buurt     ,BU03636201,2485,9.26,23.14,29.98,20.93,24.55,10.66,13.88,18.91,19.32,35.01,322.0,23.4,46.1,12.4
363,Tuindorp Buiksloot,Wijk      ,WK036363  ,1885,10.34,25.99,29.44,19.1,32.1,11.14,20.95,27.59,25.99,23.34,303.0,22.5,48.3,12.7
364,Blauwe Zand,Buurt     ,BU03636300,1885,10.08,25.99,29.44,19.1,32.1,11.14,20.95,27.59,25.99,23.34,303.0,22.5,48.3,12.7
365,Nieuwendammerdijk/Buiksloterdijk,Wijk      ,WK036364  ,1655,10.27,18.73,32.33,16.31,19.94,16.01,3.93,6.65,14.5,52.57,660.0,40.7,27.3,43.0
366,Buiksloterdijk West,Buurt     ,BU03636400,145,13.79,13.79,31.03,24.14,20.69,17.24,3.45,6.9,13.79,62.07,687.0,43.6,31.5,41.4
367,Buiksloterdijk Oost,Buurt     ,BU03636401,125,8.0,16.0,32.0,28.0,28.0,16.0,12.0,,,,835.0,48.0,24.3,42.1
368,Nieuwendammerdijk West,Buurt     ,BU03636402,1025,9.76,19.02,34.15,15.12,18.54,14.63,3.9,6.83,12.68,54.63,640.0,39.5,26.9,43.6
369,Nieuwendammerdijk Oost,Buurt     ,BU03636403,350,12.86,20.0,28.57,14.29,22.86,21.43,1.43,5.71,20.0,45.71,634.0,40.6,27.4,42.3
370,Nieuwendammerdijk Zuid,Buurt     ,BU03636404,5,100.0,0.0,100.0,0.0,100.0,100.0,0.0,,,,,,,
371,Tuindorp Oostzaan,Wijk      ,WK036365  ,11955,9.49,28.98,26.68,16.44,40.15,11.67,28.48,23.84,25.18,24.93,317.0,24.1,44.0,16.1
372,Tuindorp Oostzaan West,Buurt     ,BU03636500,1135,7.49,19.82,25.99,33.04,30.4,10.13,20.26,25.55,29.96,13.22,285.0,23.7,45.6,12.3
373,Tuindorp Oostzaan Oost,Buurt     ,BU03636501,4190,9.19,26.85,28.52,18.5,30.43,11.46,18.97,28.64,26.49,19.57,289.0,22.7,46.0,12.7
374,Terrasdorp,Buurt     ,BU03636502,4090,9.54,30.07,28.73,18.34,46.7,13.08,33.62,27.87,28.36,21.52,286.0,23.6,47.3,13.3
375,De Bongerd,Buurt     ,BU03636503,2540,10.83,34.65,20.47,2.56,50.0,10.43,39.57,12.2,17.72,39.37,524.0,27.2,33.0,30.4
376,Oostzanerwerf,Wijk      ,WK036366  ,8885,12.72,25.49,29.6,15.19,44.96,12.49,32.47,27.01,30.16,19.02,328.0,24.9,42.6,17.2
377,Oostzanerdijk,Buurt     ,BU03636601,405,8.64,23.46,37.04,14.81,17.28,13.58,3.7,14.81,24.69,37.04,423.0,30.8,33.0,28.7
378,Walvisbuurt,Buurt     ,BU03636602,1400,13.93,25.0,33.57,11.43,42.5,12.14,30.36,22.14,36.43,20.71,389.0,28.1,36.1,21.4
379,Twiske West,Buurt     ,BU03636603,2465,14.0,20.69,35.29,13.59,32.45,12.37,20.08,21.1,30.83,26.77,418.0,29.2,36.4,24.2
380,Noorder IJplas,Buurt     ,BU03636604,140,7.14,10.71,46.43,25.0,17.86,10.71,7.14,28.57,21.43,35.71,,31.4,36.7,25.0
381,Molenwijk,Buurt     ,BU03636605,3140,12.9,26.75,20.86,19.27,62.26,12.1,50.16,33.76,22.61,12.74,247.0,17.8,55.9,6.8
382,Circus/Kermisbuurt,Buurt     ,BU03636606,1340,9.33,33.96,31.72,11.57,40.3,13.81,26.49,26.87,43.28,14.18,305.0,27.8,35.1,18.5
383,Kadoelen,Wijk      ,WK036367  ,3485,9.9,24.39,28.69,15.49,29.27,10.76,18.51,16.36,26.69,29.84,459.0,30.1,35.1,27.1
384,Kadoelen,Buurt     ,BU03636700,2370,9.28,25.74,27.64,13.5,26.37,10.97,15.4,13.08,22.78,35.86,511.0,32.2,32.7,31.8
385,Twiske Oost,Buurt     ,BU03636701,1115,11.21,21.52,30.94,19.73,35.43,9.87,25.56,23.32,34.98,17.04,358.0,25.7,39.7,17.9
386,Waterlandpleinbuurt,Wijk      ,WK036368  ,13190,13.46,30.33,23.05,11.87,69.75,12.09,57.66,27.75,26.31,21.68,299.0,20.8,48.2,13.1
387,Baanakkerspark Noord,Buurt     ,BU03636800,595,11.76,31.09,22.69,26.05,51.26,21.01,30.25,15.13,30.25,33.61,250.0,27.0,40.2,16.6
388,Baanakkerspark Zuid,Buurt     ,BU03636801,450,7.78,26.67,24.44,33.33,41.11,23.33,17.78,8.89,31.11,33.33,321.0,31.0,34.6,24.0
389,Werengouw Midden,Buurt     ,BU03636802,4960,12.2,32.26,24.4,13.71,68.25,13.61,54.64,26.41,25.81,24.19,272.0,21.3,48.0,12.0
390,Markengouw Midden,Buurt     ,BU03636803,3450,15.94,31.16,20.87,6.38,76.09,7.97,68.12,32.17,27.83,17.97,336.0,18.7,51.2,12.1
391,Markengouw Zuid,Buurt     ,BU03636804,2125,13.18,31.06,20.94,7.06,76.47,9.88,66.59,32.94,28.24,13.18,289.0,18.2,48.5,11.3
392,Werengouw Zuid,Buurt     ,BU03636805,1605,14.33,22.74,26.17,13.08,66.36,12.46,53.89,24.3,19.94,25.55,366.0,21.5,50.5,15.6
393,Buikslotermeer,Wijk      ,WK036369  ,11160,14.78,27.78,21.64,21.68,60.75,15.01,45.74,22.76,26.16,24.64,297.0,22.0,50.5,12.0
394,Rode Kruisbuurt,Buurt     ,BU03636900,240,10.42,16.67,27.08,35.42,29.17,16.67,12.5,8.33,25.0,41.67,509.0,36.8,25.3,31.2
395,Loenermark,Buurt     ,BU03636902,1580,11.71,31.33,20.89,25.63,55.7,18.99,36.71,21.52,37.34,17.09,262.0,24.8,41.4,13.5
396,Buikslotermeerplein,Buurt     ,BU03636909,980,7.14,28.57,19.39,38.78,48.98,17.86,31.12,25.51,21.43,18.37,322.0,26.4,47.8,15.4
397,Plan van Gool,Buurt     ,BU03636910,3115,14.93,31.46,22.95,13.32,69.5,14.77,54.74,24.72,20.55,30.18,298.0,20.6,52.0,11.7
398,De Kleine Wereld,Buurt     ,BU03636911,2745,14.94,22.77,24.59,17.85,73.77,9.11,64.66,27.69,21.49,22.95,270.0,17.1,59.2,7.0
399,Buikslotermeer Noord,Buurt     ,BU03636912,2495,20.24,27.25,17.64,25.85,46.29,17.84,28.46,15.23,34.87,24.45,318.0,24.7,48.5,13.8
400,Banne Buiksloot,Wijk      ,WK036370  ,14780,12.75,28.55,24.19,15.63,63.67,12.11,51.56,26.32,26.18,21.31,310.0,21.6,49.3,13.4
401,Banne Zuidwest,Buurt     ,BU03637000,3775,14.04,25.7,22.91,16.69,70.07,11.92,58.15,23.31,21.72,24.64,308.0,19.3,53.0,11.6
402,Banne Zuidoost,Buurt     ,BU03637001,4060,9.11,32.64,24.38,16.38,54.93,11.58,43.35,24.88,26.6,25.62,318.0,25.7,41.4,19.4
403,Banne Noordwest,Buurt     ,BU03637002,2625,14.67,28.76,24.38,13.9,72.0,12.19,59.81,31.62,30.48,12.19,280.0,18.6,54.1,7.4
404,Banne Noordoost,Buurt     ,BU03637003,3630,14.33,26.31,24.93,15.56,64.88,11.85,53.03,30.58,30.03,13.22,300.0,19.5,54.1,9.8
405,Buiksloterbreek,Buurt     ,BU03637004,325,9.23,24.62,32.31,20.0,27.69,21.54,6.15,9.23,12.31,55.38,579.0,36.7,26.2,34.6
406,Marjoleinterrein,Buurt     ,BU03637005,360,15.28,37.5,19.44,6.94,56.94,13.89,43.06,16.67,19.44,38.89,379.0,26.1,43.7,21.5
407,Noordelijke IJ-oevers West,Wijk      ,WK036371  ,4760,16.28,50.42,15.34,5.67,40.34,21.53,18.8,9.87,30.04,61.13,338.0,37.7,29.8,34.1
408,Papaverweg e.o.,Buurt     ,BU03637102,1120,7.59,40.18,24.11,4.02,30.8,18.75,12.05,7.14,16.07,61.61,522.0,37.7,25.6,42.0
409,Cornelis Douwesterrein,Buurt     ,BU03637104,0,,,,,,,,,,,,,,
410,NDSM terrein,Buurt     ,BU03637105,1815,33.61,61.43,2.48,0.0,48.48,25.9,22.59,3.86,40.22,64.46,,29.8,39.8,19.4
411,Buiksloterham,Buurt     ,BU03637106,370,5.41,43.24,18.92,2.7,36.49,20.27,16.22,32.43,32.43,81.08,,30.2,26.1,39.0
412,Overhoeks,Buurt     ,BU03637107,1455,4.12,46.74,23.37,14.78,38.83,18.56,20.27,12.37,26.8,52.92,559.0,48.5,20.7,46.3
413,Noordelijke IJ-oevers Oost,Wijk      ,WK036372  ,300,15.0,58.33,15.0,5.0,66.67,41.67,25.0,10.0,26.67,40.0,248.0,30.6,35.3,22.3
414,Bedrijventerrein Hamerstraat,Buurt     ,BU03637200,270,16.67,59.26,12.96,5.56,70.37,46.3,24.07,,,,242.0,31.6,33.2,23.8
415,Zamenhofstraat e.o.,Buurt     ,BU03637201,5,0.0,100.0,0.0,0.0,100.0,100.0,0.0,,,,,,,
416,Bedrijventerrein Nieuwendammerdijk,Buurt     ,BU03637202,25,0.0,20.0,20.0,0.0,20.0,0.0,20.0,,,,,,,
417,Waterland,Wijk      ,WK036373  ,2380,10.08,18.07,33.4,19.75,15.13,10.71,4.41,15.13,21.01,37.39,720.0,35.6,36.4,32.5
418,Schellingwoude West,Buurt     ,BU03637300,70,21.43,14.29,42.86,14.29,14.29,7.14,7.14,14.29,14.29,57.14,632.0,,,
419,Schellingwoude Oost,Buurt     ,BU03637301,625,8.0,18.4,33.6,17.6,18.4,12.8,5.6,8.0,20.8,43.2,673.0,41.3,32.6,41.4
420,Schellingwoude Noord,Buurt     ,BU03637302,5,100.0,0.0,0.0,0.0,0.0,0.0,0.0,,,,,,,
421,Durgerdam,Buurt     ,BU03637303,510,10.78,16.67,34.31,17.65,15.69,11.76,3.92,13.73,17.65,41.18,744.0,37.0,35.5,34.2
422,Zwarte Gouw,Buurt     ,BU03637304,25,20.0,20.0,40.0,20.0,0.0,0.0,0.0,,,,,,,
423,Ransdorp,Buurt     ,BU03637305,310,11.29,16.13,32.26,24.19,11.29,8.06,3.23,12.9,22.58,38.71,775.0,34.0,37.0,30.5
424,Holysloot,Buurt     ,BU03637306,295,10.17,13.56,35.59,20.34,10.17,6.78,3.39,16.95,27.12,30.51,732.0,31.2,36.2,29.7
425,Zunderdorp,Buurt     ,BU03637307,480,10.42,20.83,29.17,23.96,10.42,7.29,3.12,25.0,20.83,29.17,709.0,32.5,37.0,25.9
426,Noorderstrook West,Buurt     ,BU03637308,50,0.0,40.0,50.0,10.0,40.0,30.0,10.0,,,,,,,
427,Noorderstrook Oost,Buurt     ,BU03637309,10,0.0,50.0,0.0,0.0,0.0,0.0,0.0,,,,,,,
428,Elzenhagen,Wijk      ,WK036374  ,3455,15.2,36.61,19.97,6.66,50.8,14.62,36.18,15.34,28.65,39.07,,30.0,35.1,29.5
429,Nintemanterrein,Buurt     ,BU03637400,120,4.17,20.83,25.0,16.67,16.67,12.5,4.17,8.33,25.0,41.67,650.0,40.1,,
430,Elzenhagen Zuid,Buurt     ,BU03637401,820,34.15,50.0,9.15,3.05,65.24,10.37,54.88,17.07,53.66,24.39,,24.0,55.4,8.0
431,Elzenhagen Noord,Buurt     ,BU03637402,2510,9.76,33.27,22.91,6.97,47.61,16.14,31.47,15.14,21.12,43.43,482.0,31.5,26.6,38.2
432,Chassbuurt,Wijk      ,WK036375  ,6160,12.18,40.5,23.7,8.85,54.55,18.83,35.71,19.32,19.64,43.34,420.0,30.0,40.5,24.6
433,Kortenaerkwartier,Buurt     ,BU03637500,2220,13.74,38.06,25.23,9.23,48.2,20.5,27.7,16.67,22.52,45.05,446.0,30.2,40.5,24.9
434,Filips van Almondekwartier,Buurt     ,BU03637501,1105,11.31,47.96,20.81,7.24,48.87,23.08,25.79,12.67,18.1,51.58,421.0,37.1,31.6,33.2
435,De Wester Quartier,Buurt     ,BU03637502,1810,11.88,40.88,23.2,8.29,62.98,17.96,45.03,24.86,19.34,38.12,408.0,27.7,43.8,20.2
436,Van Brakelkwartier,Buurt     ,BU03637503,1025,10.24,37.07,24.39,10.24,60.0,12.2,47.8,19.51,16.59,41.95,383.0,26.0,45.1,22.1
437,Slotermeer-Noordoost,Wijk      ,WK036376  ,9480,13.08,33.86,23.15,9.86,76.53,13.66,62.87,28.69,24.16,20.99,252.0,20.0,51.4,11.1
438,Buurt 3,Buurt     ,BU03637600,6405,12.33,33.1,23.11,10.54,73.61,14.13,59.48,28.88,25.29,20.3,256.0,20.2,50.3,11.9
439,Buurt 2,Buurt     ,BU03637601,3075,14.63,35.28,23.25,8.46,82.6,12.68,69.92,27.97,21.46,22.44,244.0,19.3,53.5,9.6
440,Slotermeer-Zuidwest,Wijk      ,WK036377  ,18025,13.48,34.04,22.19,11.48,74.79,13.01,61.78,28.79,28.18,19.47,249.0,20.6,51.0,11.8
441,Slotermeer Zuid,Buurt     ,BU03637700,3415,10.25,37.92,21.67,14.06,74.38,12.01,62.37,29.28,28.7,19.62,207.0,19.8,53.8,7.8
442,Noordoever Sloterplas,Buurt     ,BU03637701,3340,13.92,34.73,23.8,10.78,58.23,17.51,40.72,18.26,31.14,29.94,310.0,27.3,38.7,22.0
443,Buurt 4 Oost,Buurt     ,BU03637702,3610,13.99,33.66,22.58,12.88,74.52,19.53,54.99,27.15,31.3,18.56,272.0,21.7,48.3,12.9
444,Buurt 5 Noord,Buurt     ,BU03637703,3680,15.08,31.52,22.69,8.83,88.04,6.93,81.11,37.5,26.36,9.51,221.0,16.2,58.6,5.9
445,Sloterpark,Buurt     ,BU03637704,75,33.33,53.33,0.0,0.0,86.67,46.67,40.0,,,,,,,
446,Buurt 5 Zuid,Buurt     ,BU03637705,3905,13.57,32.52,21.0,11.01,77.08,9.09,67.99,30.73,23.82,19.97,247.0,18.6,55.6,10.5
447,Geuzenveld,Wijk      ,WK036378  ,16535,13.34,33.23,21.02,10.25,79.26,11.73,67.52,31.27,26.43,15.24,292.0,19.6,50.2,11.9
448,Buurt 6,Buurt     ,BU03637800,3060,14.54,31.54,22.39,10.46,77.61,9.31,68.3,35.29,26.47,11.76,247.0,17.4,55.7,7.0
449,Buurt 7,Buurt     ,BU03637801,2825,12.74,30.8,18.94,12.74,73.45,13.45,60.0,22.65,30.8,16.28,348.0,21.2,44.9,15.9
450,Buurt 8,Buurt     ,BU03637802,4250,13.06,37.65,19.18,8.47,83.41,14.47,68.94,28.24,28.47,17.18,288.0,20.2,49.5,13.0
451,Buurt 9,Buurt     ,BU03637803,6090,13.46,31.61,22.17,10.43,80.71,9.93,70.77,35.3,23.97,13.3,302.0,19.3,50.6,11.6
452,Eendrachtspark,Buurt     ,BU03637804,310,9.68,41.94,30.65,6.45,66.13,19.35,46.77,29.03,16.13,38.71,224.0,24.6,43.6,15.8
453,Eendracht,Wijk      ,WK036379  ,2450,11.02,26.53,28.57,16.53,60.41,12.24,48.16,23.67,34.29,20.0,365.0,25.7,38.5,18.1
454,Osdorper Binnenpolder,Buurt     ,BU03637900,30,16.67,16.67,33.33,16.67,50.0,16.67,33.33,,,,,,,
455,Buurt 10,Buurt     ,BU03637901,2420,10.95,26.65,28.31,16.12,60.33,12.19,48.14,,,,362.0,25.7,38.4,18.1
456,Lutkemeer/Ookmeer,Wijk      ,WK036380  ,1215,13.58,30.04,27.16,14.81,46.91,9.88,37.04,27.98,32.92,22.22,620.0,29.9,44.4,22.9
457,Ookmeer,Buurt     ,BU03638000,335,14.93,52.24,14.93,1.49,100.0,2.99,97.01,,,,,,,
458,Osdorper Bovenpolder,Buurt     ,BU03638001,810,11.73,22.22,32.1,19.75,27.78,13.58,14.2,23.46,32.1,20.99,604.0,29.5,44.5,23.4
459,Bedrijvenpark Lutkemeer,Buurt     ,BU03638002,70,28.57,7.14,35.71,14.29,14.29,0.0,14.29,,,,829.0,,,
460,Osdorp-Oost,Wijk      ,WK036381  ,16680,12.47,29.98,22.51,18.76,66.31,14.87,51.44,26.62,27.58,23.56,282.0,23.3,47.6,14.6
461,Wildeman,Buurt     ,BU03638100,4990,11.52,28.36,22.24,19.64,74.65,11.12,63.53,36.87,22.85,11.02,221.0,17.8,57.1,6.0
462,Meer en Oever,Buurt     ,BU03638101,3155,9.51,33.6,24.09,18.54,63.71,20.44,43.26,18.38,25.04,33.91,353.0,30.4,35.3,25.3
463,Osdorpplein e.o.,Buurt     ,BU03638102,3275,13.44,32.82,19.54,13.13,74.66,12.52,62.14,25.34,30.53,33.89,298.0,22.2,46.5,16.3
464,Calandlaan/Lelylaan,Buurt     ,BU03638103,1245,8.43,26.51,31.33,19.68,62.25,14.46,47.79,28.92,30.52,18.47,277.0,25.0,44.9,14.6
465,Osdorp Zuidoost,Buurt     ,BU03638104,4010,16.33,27.93,21.2,22.32,52.49,17.08,35.41,19.2,32.17,25.94,292.0,24.9,47.2,15.2
466,Osdorp-Midden,Wijk      ,WK036382  ,15710,13.46,32.97,21.48,11.49,79.15,13.37,65.79,28.39,27.37,17.38,298.0,21.9,47.6,15.2
467,Osdorp Midden Noord,Buurt     ,BU03638200,2825,13.98,26.02,21.59,19.12,80.88,6.73,74.16,29.03,25.49,9.56,234.0,17.6,56.0,6.9
468,Osdorp Midden Zuid,Buurt     ,BU03638201,3485,10.47,34.29,18.79,10.9,80.06,13.06,67.0,30.99,25.25,13.77,279.0,20.4,49.8,14.5
469,Zuidwestkwadrant Osdorp Noord,Buurt     ,BU03638202,3190,14.89,32.76,19.44,13.32,81.35,13.95,67.4,27.9,26.96,18.18,307.0,20.0,51.0,11.7
470,Zuidwestkwadrant Osdorp Zuid,Buurt     ,BU03638203,6210,14.17,35.51,24.07,7.41,76.65,16.34,60.31,25.93,29.95,23.19,337.0,25.7,41.1,20.8
471,De Punt,Wijk      ,WK036383  ,6225,14.06,33.33,21.45,12.93,71.73,16.63,55.1,30.84,28.27,16.71,250.0,21.2,45.9,12.1
472,De Punt,Buurt     ,BU03638300,6105,14.33,33.42,20.64,13.02,71.91,16.79,55.12,30.47,28.34,16.87,252.0,21.2,45.9,12.1
473,Bedrijvencentrum Osdorp,Buurt     ,BU03638301,120,0.0,29.17,62.5,4.17,62.5,8.33,54.17,,,,,,,
474,Middelveldsche Akerpolder,Wijk      ,WK036384  ,14470,14.37,23.98,31.48,12.92,57.6,12.68,44.92,22.46,30.68,24.46,410.0,29.3,38.2,24.4
475,Middelveldsche Akerpolder,Buurt     ,BU03638400,3970,9.82,28.21,25.06,16.75,57.68,12.09,45.59,26.2,28.97,17.13,354.0,24.7,38.8,17.6
476,De Aker West,Buurt     ,BU03638401,4570,14.66,23.19,33.81,13.02,56.35,13.02,43.33,19.69,31.29,28.23,402.0,31.2,36.5,25.5
477,De Aker Oost,Buurt     ,BU03638402,5925,17.38,21.86,34.01,10.21,58.4,12.74,45.65,21.94,31.22,26.5,459.0,30.9,39.1,28.0
478,Slotervaart Noord,Wijk      ,WK036385  ,8140,12.71,28.32,25.06,15.48,62.47,16.22,46.25,24.2,22.97,27.27,345.0,24.4,45.2,18.0
479,Oostoever Sloterplas,Buurt     ,BU03638500,2510,11.75,20.52,31.08,22.71,46.81,17.13,29.68,17.93,24.7,32.27,439.0,32.3,38.4,28.5
480,Emanuel van Meterenbuurt,Buurt     ,BU03638501,2275,10.99,28.13,23.52,17.58,53.63,20.22,33.41,18.02,18.9,32.97,353.0,25.3,41.5,20.3
481,Jacob Geelbuurt,Buurt     ,BU03638502,3360,14.58,33.93,21.43,8.78,80.21,12.8,67.41,31.25,23.81,21.43,273.0,17.8,53.5,7.7
482,Overtoomse Veld,Wijk      ,WK036386  ,14145,18.45,42.1,16.47,7.67,70.59,17.64,52.95,24.32,25.95,31.39,319.0,26.4,41.6,21.1
483,Overtoomse Veld Noord,Buurt     ,BU03638600,6175,15.63,36.28,20.65,7.69,78.79,11.26,67.53,29.96,24.78,23.0,340.0,22.7,49.6,17.7
484,Overtoomse Veld Zuid,Buurt     ,BU03638601,4325,12.95,49.48,15.14,7.51,64.05,15.38,48.67,23.58,22.43,35.84,292.0,27.7,33.8,20.0
485,Rembrandtpark Noord,Buurt     ,BU03638602,940,32.45,43.62,8.51,7.98,48.94,34.04,14.89,4.26,44.68,41.49,353.0,30.4,40.1,26.1
486,Rembrandtpark Zuid,Buurt     ,BU03638603,850,10.0,58.82,12.35,10.0,50.59,31.18,19.41,4.71,21.18,60.0,380.0,42.9,24.7,41.6
487,Johan Jongkindbuurt,Buurt     ,BU03638604,760,17.76,21.71,26.97,15.79,82.89,7.24,75.66,43.42,19.74,7.89,257.0,14.9,67.1,3.3
488,Lucas/Andreasziekenhuis e.o.,Buurt     ,BU03638605,1095,51.14,46.12,0.91,0.0,76.26,44.75,31.51,,,,279.0,39.9,23.4,40.5
489,Westlandgracht,Wijk      ,WK036387  ,11350,18.72,48.99,14.19,6.87,64.63,24.98,39.65,13.04,23.0,49.78,306.0,33.0,37.0,26.6
490,Koningin Wilhelminaplein,Buurt     ,BU03638700,2795,10.73,60.82,13.24,6.44,64.76,34.35,30.41,7.87,13.6,69.41,376.0,43.0,19.2,43.5
491,Andreasterrein,Buurt     ,BU03638701,1295,9.65,35.14,23.17,10.42,59.85,24.71,35.14,12.36,14.67,44.79,670.0,43.6,32.3,41.8
492,Delflandpleinbuurt Oost,Buurt     ,BU03638702,1575,14.6,38.41,23.49,8.89,64.76,16.83,47.94,24.13,31.11,24.13,300.0,26.8,46.5,18.4
493,Delflandpleinbuurt West,Buurt     ,BU03638703,3945,19.39,46.26,13.94,8.11,64.64,21.29,43.35,15.97,29.15,39.29,268.0,27.4,41.9,17.8
494,Riekerhaven,Buurt     ,BU03638704,570,42.98,54.39,0.0,0.0,72.81,6.14,66.67,12.28,17.54,66.67,120.0,18.7,68.2,0.9
495,Schipluidenbuurt,Buurt     ,BU03638705,1175,39.15,57.45,1.7,0.43,65.53,36.17,29.36,0.85,28.94,65.53,195.0,29.6,41.8,22.2
496,Sloter-/Riekerpolder,Wijk      ,WK036388  ,14035,12.33,25.01,32.38,15.85,47.2,16.92,30.28,15.82,28.64,34.84,407.0,32.2,34.5,27.9
497,Riekerpolder,Buurt     ,BU03638800,65,7.69,69.23,15.38,0.0,92.31,30.77,61.54,,,,,,,
498,Park Haagseweg,Buurt     ,BU03638801,990,10.1,22.22,34.85,18.69,39.39,21.72,17.68,11.11,24.24,46.46,466.0,43.8,23.5,40.0
499,Nieuwe Meer,Buurt     ,BU03638802,165,12.12,18.18,48.48,6.06,24.24,18.18,6.06,,,,,19.1,64.1,13.0
500,Sloterweg e.o.,Buurt     ,BU03638803,265,11.32,24.53,26.42,22.64,39.62,16.98,22.64,7.55,18.87,49.06,811.0,40.4,38.9,34.5
501,Nieuw Sloten Noordwest,Buurt     ,BU03638804,3110,12.38,24.6,32.48,14.47,53.38,14.79,38.59,17.68,30.87,30.87,388.0,29.5,36.1,25.9
502,Nieuw Sloten Noordoost,Buurt     ,BU03638805,3165,10.43,25.43,30.33,20.06,46.6,14.38,32.23,17.69,30.02,29.7,400.0,29.8,34.8,23.9
503,Belgiplein e.o.,Buurt     ,BU03638806,1085,7.83,27.65,28.11,28.57,58.06,23.96,34.1,21.2,22.12,35.02,333.0,30.6,41.2,21.3
504,Nieuw Sloten Zuidwest,Buurt     ,BU03638807,2295,16.12,20.48,39.65,9.59,43.57,17.43,26.14,12.2,26.14,44.88,429.0,34.8,31.1,35.1
505,Nieuw Sloten Zuidoost,Buurt     ,BU03638808,2175,14.02,31.72,26.9,10.34,51.49,18.85,32.64,17.01,33.1,27.13,404.0,29.7,34.3,26.9
506,Dorp Sloten,Buurt     ,BU03638809,710,12.68,18.31,38.73,19.01,20.42,12.68,7.75,14.08,30.99,36.62,414.0,37.6,35.0,28.0
507,Slotervaart Zuid,Wijk      ,WK036389  ,10810,17.85,33.63,18.55,13.46,67.99,16.84,51.16,22.57,27.66,25.35,312.0,22.9,48.9,15.2
508,Louis Chrispijnbuurt,Buurt     ,BU03638900,3260,15.03,29.45,21.32,18.71,65.03,15.95,49.08,27.61,27.3,20.86,304.0,21.8,49.5,11.6
509,Jacques Veltmanbuurt,Buurt     ,BU03638901,3630,16.94,37.74,17.36,12.12,67.63,20.8,46.83,18.46,25.62,33.88,277.0,25.2,43.8,19.1
510,Staalmanbuurt,Buurt     ,BU03638902,3105,14.98,32.69,20.13,11.11,73.59,11.76,61.84,24.15,24.15,21.9,374.0,23.2,48.5,17.6
511,Medisch Centrum Slotervaart,Buurt     ,BU03638903,820,43.9,35.98,6.1,7.32,59.76,21.95,37.8,,,,291.0,15.8,70.1,3.7
512,Buitenveldert-West,Wijk      ,WK036390  ,13615,10.47,33.2,20.6,23.03,53.43,28.13,25.3,12.27,21.52,40.47,460.0,38.4,32.7,31.4
513,Gelderlandpleinbuurt,Buurt     ,BU03639000,4610,10.41,36.55,18.11,24.19,55.97,29.93,26.03,11.93,23.64,39.48,418.0,38.4,32.2,30.7
514,Buitenveldert Midden Zuid,Buurt     ,BU03639002,3805,12.48,39.16,19.97,13.53,58.87,27.99,30.88,14.19,22.6,42.31,421.0,34.6,32.0,30.6
515,Buitenveldert Zuidwest,Buurt     ,BU03639003,4105,8.28,27.16,22.66,28.62,48.11,26.07,22.05,11.45,15.59,42.87,466.0,39.0,33.9,31.5
516,Amsterdamse Bos,Buurt     ,BU03639004,70,14.29,21.43,28.57,28.57,28.57,21.43,7.14,,,,,,,
517,Buitenveldert West Midden,Buurt     ,BU03639008,1005,10.95,18.91,25.37,31.34,44.28,28.86,15.42,12.94,15.92,39.8,804.0,49.1,33.0,36.4
518,Zuiderhof,Buurt     ,BU03639009,30,16.67,50.0,16.67,0.0,83.33,66.67,16.67,,,,,,,
519,Buitenveldert-Oost,Wijk      ,WK036391  ,8100,9.14,32.65,19.51,26.91,55.86,25.99,29.88,12.1,22.59,36.42,424.0,35.6,34.3,29.6
520,De Klenckebuurt,Buurt     ,BU03639100,795,3.77,32.08,16.98,37.11,50.31,27.67,22.64,,,,513.0,44.8,22.4,42.9
521,Buitenveldert Oost Midden,Buurt     ,BU03639101,3290,7.9,32.22,20.06,27.96,55.62,21.73,33.89,16.41,20.36,34.65,382.0,32.1,38.6,24.8
522,Buitenveldert Zuidoost,Buurt     ,BU03639102,4000,11.38,33.25,19.62,24.0,57.25,29.12,28.12,9.5,26.0,36.5,443.0,37.2,32.6,31.8
523,Amstelpark,Buurt     ,BU03639103,10,50.0,50.0,50.0,0.0,0.0,0.0,0.0,,,,,,,
524,Amstel III/Bullewijk,Wijk      ,WK036392  ,745,49.66,38.26,8.05,1.34,63.09,22.82,40.27,9.4,124.83,69.8,107.0,,61.0,10.4
525,Hoofdcentrum Zuidoost,Buurt     ,BU03639200,20,0.0,75.0,0.0,0.0,75.0,50.0,25.0,,,,,,,
526,Amstel III deel A/B Noord,Buurt     ,BU03639201,75,13.33,60.0,13.33,0.0,93.33,46.67,46.67,,,,,,,
527,Amstel III deel C/D Noord,Buurt     ,BU03639202,25,0.0,80.0,20.0,0.0,100.0,40.0,60.0,,,,,,,
528,Amstel III deel A/B Zuid,Buurt     ,BU03639203,450,65.56,31.11,3.33,0.0,60.0,15.56,44.44,,,,100.0,16.2,71.1,3.9
529,Amstel III deel C/D Zuid,Buurt     ,BU03639204,5,0.0,100.0,0.0,100.0,100.0,100.0,0.0,,,,,,,
530,AMC,Buurt     ,BU03639205,35,0.0,42.86,57.14,0.0,71.43,28.57,42.86,,,,,,,
531,Hoge Dijk,Buurt     ,BU03639206,140,42.86,35.71,10.71,7.14,42.86,17.86,25.0,28.57,28.57,28.57,,,,
532,"Bijlmer Centrum (D,F,H)",Wijk      ,WK036393  ,24935,19.81,32.54,24.4,7.92,83.36,12.87,70.48,26.51,32.44,22.22,198.0,20.5,52.2,9.2
533,Venserpolder West,Buurt     ,BU03639300,5210,11.13,33.97,28.02,12.28,82.05,12.38,69.67,27.45,25.14,27.64,215.0,22.0,49.0,9.7
534,Venserpolder Oost,Buurt     ,BU03639301,3460,12.14,37.28,28.03,8.09,81.79,12.14,69.65,23.99,36.42,22.25,228.0,22.2,47.0,10.4
535,D-buurt,Buurt     ,BU03639302,1950,58.46,27.18,6.15,1.79,73.85,23.33,50.51,16.41,52.82,21.54,48.0,13.4,75.8,2.6
536,F-buurt,Buurt     ,BU03639303,4470,18.79,36.24,22.48,4.81,82.44,9.84,72.6,23.49,30.43,26.17,243.0,24.7,40.5,16.2
537,Amsterdamse Poort,Buurt     ,BU03639304,1395,19.35,28.32,28.67,12.19,88.89,15.41,73.48,35.13,35.84,12.9,207.0,19.0,58.6,3.7
538,Hoptille,Buurt     ,BU03639305,1925,33.51,32.73,16.88,3.38,85.97,23.38,62.6,22.34,35.32,23.38,,15.8,63.6,4.9
539,Rechte H-buurt,Buurt     ,BU03639306,3070,16.61,26.71,28.99,9.12,89.9,8.96,80.94,38.11,26.38,14.01,222.0,17.8,56.1,5.9
540,Hakfort/Huigenbos,Buurt     ,BU03639307,2545,16.7,32.42,25.34,5.7,85.46,8.25,77.21,28.68,34.97,14.54,215.0,16.8,58.6,3.9
541,Huntum,Buurt     ,BU03639308,205,12.2,19.51,26.83,29.27,56.1,17.07,39.02,24.39,19.51,34.15,412.0,35.2,30.8,32.5
542,Vogeltjeswei,Buurt     ,BU03639309,710,12.68,26.76,30.99,14.08,85.92,9.15,76.76,23.94,33.8,21.13,331.0,25.2,43.6,17.1
543,Nelson Mandelapark,Buurt     ,BU03639310,0,,,,,,,,,,,,,,
544,"Bijlmer Oost (E,G,K)",Wijk      ,WK036394  ,29770,14.86,29.43,26.39,12.51,79.06,11.05,68.0,28.52,30.84,19.55,251.0,22.3,48.0,12.6
545,E-buurt,Buurt     ,BU03639400,2180,23.17,30.05,20.18,1.83,77.52,11.01,66.51,22.48,33.94,20.18,372.0,24.3,42.0,22.0
546,G-buurt West,Buurt     ,BU03639401,3710,14.42,32.61,29.11,10.65,85.85,11.86,73.99,24.8,38.27,20.49,310.0,25.5,41.9,15.3
547,Bijlmermuseum Noord,Buurt     ,BU03639402,2345,13.22,22.39,29.21,17.91,87.63,7.89,79.74,40.09,26.01,10.23,222.0,16.8,62.4,4.0
548,Kortvoort,Buurt     ,BU03639403,2625,11.43,27.62,27.62,19.24,79.62,8.38,71.24,35.43,33.9,12.57,194.0,19.5,55.8,5.5
549,Kelbergen,Buurt     ,BU03639404,1020,16.67,22.55,27.94,17.16,74.02,8.33,65.69,30.39,32.35,12.75,258.0,19.9,51.4,7.9
550,K-buurt Midden,Buurt     ,BU03639405,2400,16.04,34.58,24.38,6.25,82.08,8.96,73.12,28.75,32.5,17.5,178.0,19.4,51.3,8.1
551,K-buurt Zuidoost,Buurt     ,BU03639406,1405,14.23,39.15,18.51,3.2,82.21,8.9,73.31,27.05,24.91,21.35,367.0,23.9,38.4,22.3
552,K-buurt Zuidwest,Buurt     ,BU03639407,1445,17.99,27.34,26.99,7.27,84.78,6.92,77.85,33.22,31.83,13.15,306.0,21.9,48.2,17.0
553,Grunder/Koningshoef,Buurt     ,BU03639408,1745,14.61,32.09,26.93,6.02,87.39,8.88,78.51,24.07,32.66,22.35,317.0,23.9,40.6,18.7
554,G-buurt Oost,Buurt     ,BU03639409,3195,13.46,23.47,24.57,30.52,52.9,20.34,32.55,19.72,26.29,30.67,260.0,30.2,37.9,19.7
555,Kantershof,Buurt     ,BU03639410,2190,11.64,21.92,31.74,21.46,69.41,13.24,56.16,28.77,29.22,22.37,243.0,23.7,45.2,12.5
556,Gooise Kant,Buurt     ,BU03639411,585,10.26,47.86,14.53,0.85,79.49,10.26,69.23,11.97,29.06,37.61,389.0,27.4,25.9,27.3
557,G-buurt Noord,Buurt     ,BU03639412,1780,12.92,28.65,33.99,6.18,90.45,4.21,86.24,42.13,30.9,7.3,151.0,16.7,62.6,2.9
558,Bijlmermuseum Zuid,Buurt     ,BU03639413,3155,16.96,33.28,24.72,7.45,82.25,14.1,68.15,29.48,25.67,23.14,233.0,18.9,54.3,7.4
559,Nellestein,Wijk      ,WK036395  ,3035,8.57,32.29,26.19,20.76,54.7,20.43,34.27,13.84,29.98,36.24,242.0,29.7,31.9,21.5
560,L-buurt,Buurt     ,BU03639500,2980,8.39,32.72,25.84,20.81,55.37,20.64,34.73,13.76,29.87,36.24,237.0,29.6,32.1,21.4
561,Gaasperpark,Buurt     ,BU03639501,20,25.0,0.0,50.0,0.0,0.0,0.0,0.0,,,,,,,
562,Gaasperplas,Buurt     ,BU03639502,35,28.57,28.57,42.86,28.57,14.29,0.0,14.29,,,,486.0,,,
563,Holendrecht/Reigersbos,Wijk      ,WK036396  ,18385,12.86,26.43,26.68,16.73,72.89,9.9,62.99,27.74,31.93,16.43,247.0,21.3,48.8,10.2
564,Holendrecht West,Buurt     ,BU03639600,2940,15.65,21.6,23.47,17.18,79.76,6.29,73.47,32.31,30.61,6.12,215.0,15.7,63.2,3.2
565,Reigersbos Noord,Buurt     ,BU03639601,4320,14.7,25.93,26.85,11.69,83.68,6.48,77.2,31.02,34.49,9.03,235.0,18.2,56.4,6.1
566,Holendrecht Oost,Buurt     ,BU03639602,2535,10.26,23.67,24.85,27.02,56.41,13.41,43.0,16.17,32.35,26.82,312.0,25.8,38.4,16.3
567,Gaasperdam Noord,Buurt     ,BU03639603,2020,11.14,32.92,30.45,9.9,75.25,11.88,63.37,27.23,36.14,18.81,246.0,23.4,44.3,12.8
568,Gaasperdam Zuid,Buurt     ,BU03639604,1510,12.91,29.14,28.15,17.55,71.19,12.25,58.94,31.79,27.15,23.18,212.0,23.0,47.0,10.5
569,Reigersbos Midden,Buurt     ,BU03639605,2495,13.23,28.06,26.65,17.03,73.55,10.02,63.53,31.66,28.86,18.04,234.0,22.5,45.0,10.4
570,Reigersbos Zuid,Buurt     ,BU03639606,2570,10.51,26.85,27.82,18.87,60.89,12.84,48.05,21.4,32.68,23.35,286.0,25.3,39.7,15.9
571,Gein,Wijk      ,WK036397  ,11325,12.23,26.93,30.33,15.19,64.55,12.01,52.54,23.22,32.23,24.72,254.0,24.4,41.6,14.6
572,Gein Noordwest,Buurt     ,BU03639700,3000,14.0,29.0,27.67,13.33,75.0,11.33,63.67,30.67,32.67,14.33,214.0,20.9,49.1,9.5
573,Gein Zuidwest,Buurt     ,BU03639701,1685,13.35,33.53,27.89,6.82,81.9,10.39,71.51,24.93,24.33,31.45,218.0,20.4,49.7,9.3
574,Gein Noordoost,Buurt     ,BU03639702,3265,12.25,21.44,34.3,18.38,48.55,14.7,33.84,16.54,37.37,28.18,318.0,29.5,31.1,22.4
575,Gein Zuidoost,Buurt     ,BU03639703,3375,10.07,27.11,30.37,17.93,62.22,10.96,51.26,23.11,31.41,25.48,258.0,24.4,41.8,13.8
576,Driemond,Wijk      ,WK036398  ,1625,11.69,21.54,30.46,17.54,21.23,9.85,11.38,16.62,36.92,21.54,357.0,28.5,36.8,22.6
577,Dorp Driemond,Buurt     ,BU03639800,1490,11.74,21.48,30.54,18.79,21.81,10.07,11.74,16.78,37.58,20.81,333.0,28.4,37.0,21.5
578,Landelijk gebied Driemond,Buurt     ,BU03639801,135,14.81,22.22,29.63,7.41,11.11,7.41,3.7,14.81,22.22,37.04,758.0,29.6,,
